ID_Folder;Nome_Sito;Indirizzo;Sistema;Sottocategoria;Attivita;Frequenza;Quantita;Stato_Documentale;Note;Data_Ultimo_Intervento
1;Via Doria 52;Via Andrea Doria 52;ID Servizio;Codice;Servizio;Unità di misura;ID presidio 1;REALE;Sorgente: Matrice Consistenze 2026;DOCUMENTO MANCANTE
2;Via Don Orione 2;Via Don Orione 2;ID Servizio;Codice;Servizio;Unità di misura;ID presidio 2;REALE;Sorgente: Matrice Consistenze 2026;DOCUMENTO MANCANTE
3;Via Farini 9;Via Carlo Farini 9;ID Servizio;Codice;Servizio;Unità di misura;ID presidio 3;REALE;Sorgente: Matrice Consistenze 2026;DOCUMENTO MANCANTE
4;Via Rugabella 4/6;Via Rugabella 4;ID Servizio;Codice;Servizio;Unità di misura;ID presidio 4;REALE;Sorgente: Matrice Consistenze 2026;DOCUMENTO MANCANTE
5;Via Sassi 4;Via Sassi 4;ID Servizio;Codice;Servizio;Unità di misura;ID presidio 5;REALE;Sorgente: Matrice Consistenze 2026;DOCUMENTO MANCANTE
6;Via Sassi 4 - Principessa Jolanda;Via Sassi 4;ID Servizio;Codice;Servizio;Unità di misura;ID presidio 6;REALE;Sorgente: Matrice Consistenze 2026;DOCUMENTO MANCANTE
7;Viale Jenner 44;Viale Jenner 44;ID Servizio;Codice;Servizio;Unità di misura;ID presidio 7;REALE;Sorgente: Matrice Consistenze 2026;DOCUMENTO MANCANTE
8;Via Livigno 3;Via Livigno 3;ID Servizio;Codice;Servizio;Unità di misura;ID presidio 8;REALE;Sorgente: Matrice Consistenze 2026;DOCUMENTO MANCANTE
9;Via Calvairate 1;Via Calvairate 1;ID Servizio;Codice;Servizio;Unità di misura;ID presidio 9;REALE;Sorgente: Matrice Consistenze 2026;DOCUMENTO MANCANTE
10;Via Polesine 6;Via Polesine 6;ID Servizio;Codice;Servizio;Unità di misura;ID presidio 10;REALE;Sorgente: Matrice Consistenze 2026;DOCUMENTO MANCANTE
11;Via Adriano 99/107;Via Adriano 99;ID Servizio;Codice;Servizio;Unità di misura;ID presidio 11;REALE;Sorgente: Matrice Consistenze 2026;DOCUMENTO MANCANTE
12;POT Bollate;Via (Bollate);ID Servizio;Codice;Servizio;Unità di misura;ID presidio 12;REALE;Sorgente: Matrice Consistenze 2026;DOCUMENTO MANCANTE
13;Legnano;TBD;ID Servizio;Codice;Servizio;Unità di misura;ID presidio 13;REALE;Sorgente: Matrice Consistenze 2026;DOCUMENTO MANCANTE
14;Viale Piceno 60;Viale Piceno 60;ID Servizio;Codice;Servizio;Unità di misura;ID presidio 14;REALE;Sorgente: Matrice Consistenze 2026;DOCUMENTO MANCANTE
15;Via Clericetti 22;Via Clericetti 22;ID Servizio;Codice;Servizio;Unità di misura;ID presidio 15;REALE;Sorgente: Matrice Consistenze 2026;DOCUMENTO MANCANTE
16;Via Don Bosco 14;Via Don Bosco 14;ID Servizio;Codice;Servizio;Unità di misura;ID presidio 16;REALE;Sorgente: Matrice Consistenze 2026;DOCUMENTO MANCANTE
17;Via Fantoli 7;Via Fantoli 7;ID Servizio;Codice;Servizio;Unità di misura;ID presidio 17;REALE;Sorgente: Matrice Consistenze 2026;DOCUMENTO MANCANTE
18;Via Palombino 4;Via Monte Palombino 4;ID Servizio;Codice;Servizio;Unità di misura;ID presidio 18;REALE;Sorgente: Matrice Consistenze 2026;DOCUMENTO MANCANTE
19;Via Quarenghi 21;Via Quarenghi 21;ID Servizio;Codice;Servizio;Unità di misura;ID presidio 19;REALE;Sorgente: Matrice Consistenze 2026;DOCUMENTO MANCANTE
20;Via Aldini 72;Via Aldini 72;ID Servizio;Codice;Servizio;Unità di misura;ID presidio 20;REALE;Sorgente: Matrice Consistenze 2026;DOCUMENTO MANCANTE
21;Via Perini 22;Via Perini 22;ID Servizio;Codice;Servizio;Unità di misura;ID presidio 21;REALE;Sorgente: Matrice Consistenze 2026;DOCUMENTO MANCANTE
22;Via Cilea 146A;Via Francesco Cilea 146A;ID Servizio;Codice;Servizio;Unità di misura;ID presidio 22;REALE;Sorgente: Matrice Consistenze 2026;DOCUMENTO MANCANTE
23;Via Sanzio 9;Via Raffaello Sanzio 9;ID Servizio;Codice;Servizio;Unità di misura;ID presidio 23;REALE;Sorgente: Matrice Consistenze 2026;DOCUMENTO MANCANTE
24;Via Statuto 5;Via Statuto 5;ID Servizio;Codice;Servizio;Unità di misura;ID presidio 24;REALE;Sorgente: Matrice Consistenze 2026;DOCUMENTO MANCANTE
25;Via S. Erlemblado 4D;Via S. Erlemblado 4D;ID Servizio;Codice;Servizio;Unità di misura;ID presidio 25;REALE;Sorgente: Matrice Consistenze 2026;DOCUMENTO MANCANTE
26;Via Padova 118;Via Padova 118;ID Servizio;Codice;Servizio;Unità di misura;ID presidio 26;REALE;Sorgente: Matrice Consistenze 2026;DOCUMENTO MANCANTE
27;L.go Volontari del sangue 1;Largo Volontari del Sangue 1;ID Servizio;Codice;Servizio;Unità di misura;ID presidio 27;REALE;Sorgente: Matrice Consistenze 2026;DOCUMENTO MANCANTE
28;Via Plebisciti 4;Corso Plebisciti 4;ID Servizio;Codice;Servizio;Unità di misura;ID presidio 28;REALE;Sorgente: Matrice Consistenze 2026;DOCUMENTO MANCANTE
29;Via Serlio 8;Via Serlio 8;ID Servizio;Codice;Servizio;Unità di misura;ID presidio 29;REALE;Sorgente: Matrice Consistenze 2026;DOCUMENTO MANCANTE
30;Via Fantoli 7 - Consultorio;Via Fantoli 7;ID Servizio;Codice;Servizio;Unità di misura;ID presidio 30;REALE;Sorgente: Matrice Consistenze 2026;DOCUMENTO MANCANTE
31;V.le Puglie 33;Viale Puglie 33;ID Servizio;Codice;Servizio;Unità di misura;ID presidio 31;REALE;Sorgente: Matrice Consistenze 2026;DOCUMENTO MANCANTE
32;Via Natta 19;Via Giulio Natta 19;ID Servizio;Codice;Servizio;Unità di misura;ID presidio 32;REALE;Sorgente: Matrice Consistenze 2026;DOCUMENTO MANCANTE
33;via Oglio 18;via Oglio 18;ID Servizio;Codice;Servizio;Unità di misura;ID presidio 33;REALE;Sorgente: Matrice Consistenze 2026;DOCUMENTO MANCANTE
1;Via Doria 52;Via Andrea Doria 52;1.2;B.01 - B.02 - B.12;Caldaie da 36kW a 350 kW;n.ro caldaie;2;REALE;Sorgente: Matrice Consistenze 2026;DOCUMENTO MANCANTE
2;Via Don Orione 2;Via Don Orione 2;1.2;B.01 - B.02 - B.12;Caldaie da 36kW a 350 kW;n.ro caldaie;4;REALE;Sorgente: Matrice Consistenze 2026;DOCUMENTO MANCANTE
TBD;Via Rugabella 4/6;TBD;1.2;B.01 - B.02 - B.12;Caldaie da 36kW a 350 kW;n.ro caldaie;4;REALE;Sorgente: Matrice Consistenze 2026;DOCUMENTO MANCANTE
5;Via Sassi 4;Via Sassi 4;1.2;B.01 - B.02 - B.12;Caldaie da 36kW a 350 kW;n.ro caldaie;1;REALE;Sorgente: Matrice Consistenze 2026;DOCUMENTO MANCANTE
7;Viale Jenner 44;Viale Jenner 44;1.2;B.01 - B.02 - B.12;Caldaie da 36kW a 350 kW;n.ro caldaie;1;REALE;Sorgente: Matrice Consistenze 2026;DOCUMENTO MANCANTE
8;Via Livigno 3;Via Livigno 3;1.2;B.01 - B.02 - B.12;Caldaie da 36kW a 350 kW;n.ro caldaie;3;REALE;Sorgente: Matrice Consistenze 2026;DOCUMENTO MANCANTE
16;Via Don Bosco 14;Via Don Bosco 14;1.2;B.01 - B.02 - B.12;Caldaie da 36kW a 350 kW;n.ro caldaie;1;REALE;Sorgente: Matrice Consistenze 2026;DOCUMENTO MANCANTE
3;Via Farini 9;Via Carlo Farini 9;1.1;B.01 - B.02 - B.12;Caldaie da 350 kW a 1000kW;n.ro caldaie;2;REALE;Sorgente: Matrice Consistenze 2026;DOCUMENTO MANCANTE
1;Via Doria 52;Via Andrea Doria 52;13.3;B.04;Gruppi frigoriferi a vite/centrifughi fino a 100 kW;n.ro gruppo frigorifero;1;REALE;Sorgente: Matrice Consistenze 2026;DOCUMENTO MANCANTE
2;Via Don Orione 2;Via Don Orione 2;13.3;B.04;Gruppi frigoriferi a vite/centrifughi fino a 100 kW;n.ro gruppo frigorifero;2;REALE;Sorgente: Matrice Consistenze 2026;DOCUMENTO MANCANTE
3;Via Farini 9;Via Carlo Farini 9;13.3;B.04;Gruppi frigoriferi a vite/centrifughi fino a 100 kW;n.ro gruppo frigorifero;1;REALE;Sorgente: Matrice Consistenze 2026;DOCUMENTO MANCANTE
TBD;Via Rugabella 4/6;TBD;13.3;B.04;Gruppi frigoriferi a vite/centrifughi fino a 100 kW;n.ro gruppo frigorifero;1;REALE;Sorgente: Matrice Consistenze 2026;DOCUMENTO MANCANTE
5;Via Sassi 4;Via Sassi 4;13.3;B.04;Gruppi frigoriferi a vite/centrifughi fino a 100 kW;n.ro gruppo frigorifero;1;REALE;Sorgente: Matrice Consistenze 2026;DOCUMENTO MANCANTE
7;Viale Jenner 44;Viale Jenner 44;13.3;B.04;Gruppi frigoriferi a vite/centrifughi fino a 100 kW;n.ro gruppo frigorifero;1;REALE;Sorgente: Matrice Consistenze 2026;DOCUMENTO MANCANTE
8;Via Livigno 3;Via Livigno 3;13.3;B.04;Gruppi frigoriferi a vite/centrifughi fino a 100 kW;n.ro gruppo frigorifero;1;REALE;Sorgente: Matrice Consistenze 2026;DOCUMENTO MANCANTE
15;Via Clericetti 22;Via Clericetti 22;13.3;B.04;Gruppi frigoriferi a vite/centrifughi fino a 100 kW;n.ro gruppo frigorifero;1;REALE;Sorgente: Matrice Consistenze 2026;DOCUMENTO MANCANTE
22;Via Cilea 146A;Via Francesco Cilea 146A;13.3;B.04;Gruppi frigoriferi a vite/centrifughi fino a 100 kW;n.ro gruppo frigorifero;1;REALE;Sorgente: Matrice Consistenze 2026;DOCUMENTO MANCANTE
1;Via Doria 52;Via Andrea Doria 52;3.1;B.01 -B.05 -B.06 -B.07 - B.09 - B.10 - B.11;Distribuzione impianti idronici e sottocentrali;m2 superficie lorda;4.075;REALE;Sorgente: Matrice Consistenze 2026;DOCUMENTO MANCANTE
2;Via Don Orione 2;Via Don Orione 2;3.1;B.01 -B.05 -B.06 -B.07 - B.09 - B.10 - B.11;Distribuzione impianti idronici e sottocentrali;m2 superficie lorda;2.967;REALE;Sorgente: Matrice Consistenze 2026;DOCUMENTO MANCANTE
3;Via Farini 9;Via Carlo Farini 9;3.1;B.01 -B.05 -B.06 -B.07 - B.09 - B.10 - B.11;Distribuzione impianti idronici e sottocentrali;m2 superficie lorda;5.958;REALE;Sorgente: Matrice Consistenze 2026;DOCUMENTO MANCANTE
TBD;Via Rugabella 4/6;TBD;3.1;B.01 -B.05 -B.06 -B.07 - B.09 - B.10 - B.11;Distribuzione impianti idronici e sottocentrali;m2 superficie lorda;4.088;REALE;Sorgente: Matrice Consistenze 2026;DOCUMENTO MANCANTE
5;Via Sassi 4;Via Sassi 4;3.1;B.01 -B.05 -B.06 -B.07 - B.09 - B.10 - B.11;Distribuzione impianti idronici e sottocentrali;m2 superficie lorda;523;REALE;Sorgente: Matrice Consistenze 2026;DOCUMENTO MANCANTE
5;Via Sassi 4;Via Sassi 4;3.1;B.01 -B.05 -B.06 -B.07 - B.09 - B.10 - B.11;Distribuzione impianti idronici e sottocentrali;m2 superficie lorda;4.650;REALE;Sorgente: Matrice Consistenze 2026;DOCUMENTO MANCANTE
7;Viale Jenner 44;Viale Jenner 44;3.1;B.01 -B.05 -B.06 -B.07 - B.09 - B.10 - B.11;Distribuzione impianti idronici e sottocentrali;m2 superficie lorda;295;REALE;Sorgente: Matrice Consistenze 2026;DOCUMENTO MANCANTE
8;Via Livigno 3;Via Livigno 3;3.1;B.01 -B.05 -B.06 -B.07 - B.09 - B.10 - B.11;Distribuzione impianti idronici e sottocentrali;m2 superficie lorda;446;REALE;Sorgente: Matrice Consistenze 2026;DOCUMENTO MANCANTE
9;Via Calvairate 1;Via Calvairate 1;3.1;B.01 -B.05 -B.06 -B.07 - B.09 - B.10 - B.11;Distribuzione impianti idronici e sottocentrali;m2 superficie lorda;106;REALE;Sorgente: Matrice Consistenze 2026;DOCUMENTO MANCANTE
10;Via Polesine 6;Via Polesine 6;3.1;B.01 -B.05 -B.06 -B.07 - B.09 - B.10 - B.11;Distribuzione impianti idronici e sottocentrali;m2 superficie lorda;82;REALE;Sorgente: Matrice Consistenze 2026;DOCUMENTO MANCANTE
12;POT Bollate;Via (Bollate);3.1;B.01 -B.05 -B.06 -B.07 - B.09 - B.10 - B.11;Distribuzione impianti idronici e sottocentrali;m2 superficie lorda;1.831;REALE;Sorgente: Matrice Consistenze 2026;DOCUMENTO MANCANTE
14;Viale Piceno 60;Viale Piceno 60;3.1;B.01 -B.05 -B.06 -B.07 - B.09 - B.10 - B.11;Distribuzione impianti idronici e sottocentrali;m2 superficie lorda;1.095;REALE;Sorgente: Matrice Consistenze 2026;DOCUMENTO MANCANTE
15;Via Clericetti 22;Via Clericetti 22;3.1;B.01 -B.05 -B.06 -B.07 - B.09 - B.10 - B.11;Distribuzione impianti idronici e sottocentrali;m2 superficie lorda;564;REALE;Sorgente: Matrice Consistenze 2026;DOCUMENTO MANCANTE
16;Via Don Bosco 14;Via Don Bosco 14;3.1;B.01 -B.05 -B.06 -B.07 - B.09 - B.10 - B.11;Distribuzione impianti idronici e sottocentrali;m2 superficie lorda;311;REALE;Sorgente: Matrice Consistenze 2026;DOCUMENTO MANCANTE
18;Via Palombino 4;Via Monte Palombino 4;3.1;B.01 -B.05 -B.06 -B.07 - B.09 - B.10 - B.11;Distribuzione impianti idronici e sottocentrali;m2 superficie lorda;109;REALE;Sorgente: Matrice Consistenze 2026;DOCUMENTO MANCANTE
19;Via Quarenghi 21;Via Quarenghi 21;3.1;B.01 -B.05 -B.06 -B.07 - B.09 - B.10 - B.11;Distribuzione impianti idronici e sottocentrali;m2 superficie lorda;641;REALE;Sorgente: Matrice Consistenze 2026;DOCUMENTO MANCANTE
20;Via Aldini 72;Via Aldini 72;3.1;B.01 -B.05 -B.06 -B.07 - B.09 - B.10 - B.11;Distribuzione impianti idronici e sottocentrali;m2 superficie lorda;5.508;REALE;Sorgente: Matrice Consistenze 2026;DOCUMENTO MANCANTE
21;Via Perini 22;Via Perini 22;3.1;B.01 -B.05 -B.06 -B.07 - B.09 - B.10 - B.11;Distribuzione impianti idronici e sottocentrali;m2 superficie lorda;184;REALE;Sorgente: Matrice Consistenze 2026;DOCUMENTO MANCANTE
22;Via Cilea 146A;Via Francesco Cilea 146A;3.1;B.01 -B.05 -B.06 -B.07 - B.09 - B.10 - B.11;Distribuzione impianti idronici e sottocentrali;m2 superficie lorda;405;REALE;Sorgente: Matrice Consistenze 2026;DOCUMENTO MANCANTE
23;Via Sanzio 9;Via Raffaello Sanzio 9;3.1;B.01 -B.05 -B.06 -B.07 - B.09 - B.10 - B.11;Distribuzione impianti idronici e sottocentrali;m2 superficie lorda;303;REALE;Sorgente: Matrice Consistenze 2026;DOCUMENTO MANCANTE
TBD;Via Rugabella 4/6;TBD;15.1;B.07.05;Ventilconvettori;n.ro ventilconvettori;10;REALE;Sorgente: Matrice Consistenze 2026;DOCUMENTO MANCANTE
1;Via Doria 52;Via Andrea Doria 52;17.1;B.07.07/09;Condizionatori tipo split/VRV /carrellabili;n.ro unità interna;4;REALE;Sorgente: Matrice Consistenze 2026;DOCUMENTO MANCANTE
3;Via Farini 9;Via Carlo Farini 9;17.1;B.07.07/09;Condizionatori tipo split/VRV /carrellabili;n.ro unità interna;11;REALE;Sorgente: Matrice Consistenze 2026;DOCUMENTO MANCANTE
TBD;Via Rugabella 4/6;TBD;17.1;B.07.07/09;Condizionatori tipo split/VRV /carrellabili;n.ro unità interna;5;REALE;Sorgente: Matrice Consistenze 2026;DOCUMENTO MANCANTE
5;Via Sassi 4;Via Sassi 4;17.1;B.07.07/09;Condizionatori tipo split/VRV /carrellabili;n.ro unità interna;6;REALE;Sorgente: Matrice Consistenze 2026;DOCUMENTO MANCANTE
9;Via Calvairate 1;Via Calvairate 1;17.1;B.07.07/09;Condizionatori tipo split/VRV /carrellabili;n.ro unità interna;4;REALE;Sorgente: Matrice Consistenze 2026;DOCUMENTO MANCANTE
10;Via Polesine 6;Via Polesine 6;17.1;B.07.07/09;Condizionatori tipo split/VRV /carrellabili;n.ro unità interna;2;REALE;Sorgente: Matrice Consistenze 2026;DOCUMENTO MANCANTE
12;POT Bollate;Via (Bollate);17.1;B.07.07/09;Condizionatori tipo split/VRV /carrellabili;n.ro unità interna;26;REALE;Sorgente: Matrice Consistenze 2026;DOCUMENTO MANCANTE
1;Via Doria 52;Via Andrea Doria 52;20.1;B.08 - B.13 - B.15;Unità di Trattamento Aria con filtro assoluto;n.ro U.T.A.;1;REALE;Sorgente: Matrice Consistenze 2026;DOCUMENTO MANCANTE
2;Via Don Orione 2;Via Don Orione 2;20.1;B.08 - B.13 - B.15;Unità di Trattamento Aria con filtro assoluto;n.ro U.T.A.;2;REALE;Sorgente: Matrice Consistenze 2026;DOCUMENTO MANCANTE
3;Via Farini 9;Via Carlo Farini 9;20.1;B.08 - B.13 - B.15;Unità di Trattamento Aria con filtro assoluto;n.ro U.T.A.;1;REALE;Sorgente: Matrice Consistenze 2026;DOCUMENTO MANCANTE
TBD;Via Rugabella 4/6;TBD;20.1;B.08 - B.13 - B.15;Unità di Trattamento Aria con filtro assoluto;n.ro U.T.A.;3;REALE;Sorgente: Matrice Consistenze 2026;DOCUMENTO MANCANTE
5;Via Sassi 4;Via Sassi 4;20.1;B.08 - B.13 - B.15;Unità di Trattamento Aria con filtro assoluto;n.ro U.T.A.;2;REALE;Sorgente: Matrice Consistenze 2026;DOCUMENTO MANCANTE
7;Viale Jenner 44;Viale Jenner 44;20.1;B.08 - B.13 - B.15;Unità di Trattamento Aria con filtro assoluto;n.ro U.T.A.;1;REALE;Sorgente: Matrice Consistenze 2026;DOCUMENTO MANCANTE
8;Via Livigno 3;Via Livigno 3;20.1;B.08 - B.13 - B.15;Unità di Trattamento Aria con filtro assoluto;n.ro U.T.A.;1;REALE;Sorgente: Matrice Consistenze 2026;DOCUMENTO MANCANTE
22;Via Cilea 146A;Via Francesco Cilea 146A;20.1;B.08 - B.13 - B.15;Unità di Trattamento Aria con filtro assoluto;n.ro U.T.A.;1;REALE;Sorgente: Matrice Consistenze 2026;DOCUMENTO MANCANTE
1;Via Doria 52;Via Andrea Doria 52;2.1;B.01 - B.08.04/ 05/06 - B.09 - B.10 - B.11;Canali di distribuzione, ripresa, serrande e bocchette e relativi locali tecnici;m2 superficie lorda climatizzata (presenti ricambi d'aria);3.715;REALE;Sorgente: Matrice Consistenze 2026;DOCUMENTO MANCANTE
2;Via Don Orione 2;Via Don Orione 2;2.1;B.01 - B.08.04/ 05/06 - B.09 - B.10 - B.11;Canali di distribuzione, ripresa, serrande e bocchette e relativi locali tecnici;m2 superficie lorda climatizzata (presenti ricambi d'aria);2.412;REALE;Sorgente: Matrice Consistenze 2026;DOCUMENTO MANCANTE
3;Via Farini 9;Via Carlo Farini 9;2.1;B.01 - B.08.04/ 05/06 - B.09 - B.10 - B.11;Canali di distribuzione, ripresa, serrande e bocchette e relativi locali tecnici;m2 superficie lorda climatizzata (presenti ricambi d'aria);2.410;REALE;Sorgente: Matrice Consistenze 2026;DOCUMENTO MANCANTE
TBD;Via Rugabella 4/6;TBD;2.1;B.01 - B.08.04/ 05/06 - B.09 - B.10 - B.11;Canali di distribuzione, ripresa, serrande e bocchette e relativi locali tecnici;m2 superficie lorda climatizzata (presenti ricambi d'aria);3.312;REALE;Sorgente: Matrice Consistenze 2026;DOCUMENTO MANCANTE
5;Via Sassi 4;Via Sassi 4;2.1;B.01 - B.08.04/ 05/06 - B.09 - B.10 - B.11;Canali di distribuzione, ripresa, serrande e bocchette e relativi locali tecnici;m2 superficie lorda climatizzata (presenti ricambi d'aria);4.650;REALE;Sorgente: Matrice Consistenze 2026;DOCUMENTO MANCANTE
7;Viale Jenner 44;Viale Jenner 44;2.1;B.01 - B.08.04/ 05/06 - B.09 - B.10 - B.11;Canali di distribuzione, ripresa, serrande e bocchette e relativi locali tecnici;m2 superficie lorda climatizzata (presenti ricambi d'aria);295;REALE;Sorgente: Matrice Consistenze 2026;DOCUMENTO MANCANTE
8;Via Livigno 3;Via Livigno 3;2.1;B.01 - B.08.04/ 05/06 - B.09 - B.10 - B.11;Canali di distribuzione, ripresa, serrande e bocchette e relativi locali tecnici;m2 superficie lorda climatizzata (presenti ricambi d'aria);446;REALE;Sorgente: Matrice Consistenze 2026;DOCUMENTO MANCANTE
15;Via Clericetti 22;Via Clericetti 22;2.1;B.01 - B.08.04/ 05/06 - B.09 - B.10 - B.11;Canali di distribuzione, ripresa, serrande e bocchette e relativi locali tecnici;m2 superficie lorda climatizzata (presenti ricambi d'aria);564;REALE;Sorgente: Matrice Consistenze 2026;DOCUMENTO MANCANTE
16;Via Don Bosco 14;Via Don Bosco 14;2.1;B.01 - B.08.04/ 05/06 - B.09 - B.10 - B.11;Canali di distribuzione, ripresa, serrande e bocchette e relativi locali tecnici;m2 superficie lorda climatizzata (presenti ricambi d'aria);311;REALE;Sorgente: Matrice Consistenze 2026;DOCUMENTO MANCANTE
18;Via Palombino 4;Via Monte Palombino 4;2.1;B.01 - B.08.04/ 05/06 - B.09 - B.10 - B.11;Canali di distribuzione, ripresa, serrande e bocchette e relativi locali tecnici;m2 superficie lorda climatizzata (presenti ricambi d'aria);109;REALE;Sorgente: Matrice Consistenze 2026;DOCUMENTO MANCANTE
19;Via Quarenghi 21;Via Quarenghi 21;2.1;B.01 - B.08.04/ 05/06 - B.09 - B.10 - B.11;Canali di distribuzione, ripresa, serrande e bocchette e relativi locali tecnici;m2 superficie lorda climatizzata (presenti ricambi d'aria);641;REALE;Sorgente: Matrice Consistenze 2026;DOCUMENTO MANCANTE
21;Via Perini 22;Via Perini 22;2.1;B.01 - B.08.04/ 05/06 - B.09 - B.10 - B.11;Canali di distribuzione, ripresa, serrande e bocchette e relativi locali tecnici;m2 superficie lorda climatizzata (presenti ricambi d'aria);184;REALE;Sorgente: Matrice Consistenze 2026;DOCUMENTO MANCANTE
22;Via Cilea 146A;Via Francesco Cilea 146A;2.1;B.01 - B.08.04/ 05/06 - B.09 - B.10 - B.11;Canali di distribuzione, ripresa, serrande e bocchette e relativi locali tecnici;m2 superficie lorda climatizzata (presenti ricambi d'aria);405;REALE;Sorgente: Matrice Consistenze 2026;DOCUMENTO MANCANTE
23;Via Sanzio 9;Via Raffaello Sanzio 9;2.1;B.01 - B.08.04/ 05/06 - B.09 - B.10 - B.11;Canali di distribuzione, ripresa, serrande e bocchette e relativi locali tecnici;m2 superficie lorda climatizzata (presenti ricambi d'aria);303;REALE;Sorgente: Matrice Consistenze 2026;DOCUMENTO MANCANTE
1;Via Doria 52;Via Andrea Doria 52;30.1;C2 - C6;Distribuzione elettrica, quadri, ecc.;m2 superficie lorda;4.075;REALE;Sorgente: Matrice Consistenze 2026;DOCUMENTO MANCANTE
2;Via Don Orione 2;Via Don Orione 2;30.1;C2 - C6;Distribuzione elettrica, quadri, ecc.;m2 superficie lorda;2.967;REALE;Sorgente: Matrice Consistenze 2026;DOCUMENTO MANCANTE
3;Via Farini 9;Via Carlo Farini 9;30.1;C2 - C6;Distribuzione elettrica, quadri, ecc.;m2 superficie lorda;5.958;REALE;Sorgente: Matrice Consistenze 2026;DOCUMENTO MANCANTE
TBD;Via Rugabella 4/6;TBD;30.1;C2 - C6;Distribuzione elettrica, quadri, ecc.;m2 superficie lorda;4.088;REALE;Sorgente: Matrice Consistenze 2026;DOCUMENTO MANCANTE
5;Via Sassi 4;Via Sassi 4;30.1;C2 - C6;Distribuzione elettrica, quadri, ecc.;m2 superficie lorda;523;REALE;Sorgente: Matrice Consistenze 2026;DOCUMENTO MANCANTE
5;Via Sassi 4;Via Sassi 4;30.1;C2 - C6;Distribuzione elettrica, quadri, ecc.;m2 superficie lorda;4.650;REALE;Sorgente: Matrice Consistenze 2026;DOCUMENTO MANCANTE
7;Viale Jenner 44;Viale Jenner 44;30.1;C2 - C6;Distribuzione elettrica, quadri, ecc.;m2 superficie lorda;295;REALE;Sorgente: Matrice Consistenze 2026;DOCUMENTO MANCANTE
8;Via Livigno 3;Via Livigno 3;30.1;C2 - C6;Distribuzione elettrica, quadri, ecc.;m2 superficie lorda;446;REALE;Sorgente: Matrice Consistenze 2026;DOCUMENTO MANCANTE
9;Via Calvairate 1;Via Calvairate 1;30.1;C2 - C6;Distribuzione elettrica, quadri, ecc.;m2 superficie lorda;106;REALE;Sorgente: Matrice Consistenze 2026;DOCUMENTO MANCANTE
10;Via Polesine 6;Via Polesine 6;30.1;C2 - C6;Distribuzione elettrica, quadri, ecc.;m2 superficie lorda;82;REALE;Sorgente: Matrice Consistenze 2026;DOCUMENTO MANCANTE
11b;Via Adriano 99;Via Adriano 99;30.1;C2 - C6;Distribuzione elettrica, quadri, ecc.;m2 superficie lorda;575;REALE;Sorgente: Matrice Consistenze 2026;DOCUMENTO MANCANTE
12;POT Bollate;Via (Bollate);30.1;C2 - C6;Distribuzione elettrica, quadri, ecc.;m2 superficie lorda;1.831;REALE;Sorgente: Matrice Consistenze 2026;DOCUMENTO MANCANTE
TBD;Legnano;TBD;30.1;C2 - C6;Distribuzione elettrica, quadri, ecc.;m2 superficie lorda;4.855;REALE;Sorgente: Matrice Consistenze 2026;DOCUMENTO MANCANTE
15;Via Clericetti 22;Via Clericetti 22;30.1;C2 - C6;Distribuzione elettrica, quadri, ecc.;m2 superficie lorda;564;REALE;Sorgente: Matrice Consistenze 2026;DOCUMENTO MANCANTE
16;Via Don Bosco 14;Via Don Bosco 14;30.1;C2 - C6;Distribuzione elettrica, quadri, ecc.;m2 superficie lorda;311;REALE;Sorgente: Matrice Consistenze 2026;DOCUMENTO MANCANTE
17;Via Fantoli 7;Via Fantoli 7;30.1;C2 - C6;Distribuzione elettrica, quadri, ecc.;m2 superficie lorda;1.154;REALE;Sorgente: Matrice Consistenze 2026;DOCUMENTO MANCANTE
18;Via Palombino 4;Via Monte Palombino 4;30.1;C2 - C6;Distribuzione elettrica, quadri, ecc.;m2 superficie lorda;109;REALE;Sorgente: Matrice Consistenze 2026;DOCUMENTO MANCANTE
19;Via Quarenghi 21;Via Quarenghi 21;30.1;C2 - C6;Distribuzione elettrica, quadri, ecc.;m2 superficie lorda;641;REALE;Sorgente: Matrice Consistenze 2026;DOCUMENTO MANCANTE
20;Via Aldini 72;Via Aldini 72;30.1;C2 - C6;Distribuzione elettrica, quadri, ecc.;m2 superficie lorda;5.508;REALE;Sorgente: Matrice Consistenze 2026;DOCUMENTO MANCANTE
21;Via Perini 22;Via Perini 22;30.1;C2 - C6;Distribuzione elettrica, quadri, ecc.;m2 superficie lorda;184;REALE;Sorgente: Matrice Consistenze 2026;DOCUMENTO MANCANTE
22;Via Cilea 146A;Via Francesco Cilea 146A;30.1;C2 - C6;Distribuzione elettrica, quadri, ecc.;m2 superficie lorda;405;REALE;Sorgente: Matrice Consistenze 2026;DOCUMENTO MANCANTE
23;Via Sanzio 9;Via Raffaello Sanzio 9;30.1;C2 - C6;Distribuzione elettrica, quadri, ecc.;m2 superficie lorda;303;REALE;Sorgente: Matrice Consistenze 2026;DOCUMENTO MANCANTE
24;Via Statuto 5;Via Statuto 5;30.1;C2 - C6;Distribuzione elettrica, quadri, ecc.;m2 superficie lorda;638;REALE;Sorgente: Matrice Consistenze 2026;DOCUMENTO MANCANTE
TBD;via S. Erlemblado 4d;TBD;30.1;C2 - C6;Distribuzione elettrica, quadri, ecc.;m2 superficie lorda;861;REALE;Sorgente: Matrice Consistenze 2026;DOCUMENTO MANCANTE
26;Via Padova 118;Via Padova 118;30.1;C2 - C6;Distribuzione elettrica, quadri, ecc.;m2 superficie lorda;275;REALE;Sorgente: Matrice Consistenze 2026;DOCUMENTO MANCANTE
27;L.go Volontari del sangue 1;Largo Volontari del Sangue 1;30.1;C2 - C6;Distribuzione elettrica, quadri, ecc.;m2 superficie lorda;677;REALE;Sorgente: Matrice Consistenze 2026;DOCUMENTO MANCANTE
28;Via Plebisciti 4;Corso Plebisciti 4;30.1;C2 - C6;Distribuzione elettrica, quadri, ecc.;m2 superficie lorda;276;REALE;Sorgente: Matrice Consistenze 2026;DOCUMENTO MANCANTE
29;Via Serlio 8;Via Serlio 8;30.1;C2 - C6;Distribuzione elettrica, quadri, ecc.;m2 superficie lorda;437;REALE;Sorgente: Matrice Consistenze 2026;DOCUMENTO MANCANTE
17;Via Fantoli 7;Via Fantoli 7;30.1;C2 - C6;Distribuzione elettrica, quadri, ecc.;m2 superficie lorda;601;REALE;Sorgente: Matrice Consistenze 2026;DOCUMENTO MANCANTE
31;V.le Puglie 33;Viale Puglie 33;30.1;C2 - C6;Distribuzione elettrica, quadri, ecc.;m2 superficie lorda;370;REALE;Sorgente: Matrice Consistenze 2026;DOCUMENTO MANCANTE
32;Via Natta 19;Via Giulio Natta 19;30.1;C2 - C6;Distribuzione elettrica, quadri, ecc.;m2 superficie lorda;395;REALE;Sorgente: Matrice Consistenze 2026;DOCUMENTO MANCANTE
TBD;via Oglio 18;TBD;30.1;C2 - C6;Distribuzione elettrica, quadri, ecc.;m2 superficie lorda;1.398;REALE;Sorgente: Matrice Consistenze 2026;DOCUMENTO MANCANTE
TBD;Via Rugabella 4/6;TBD;40.1;C4.02;Rifasatori;n.ro rifasatori;1;REALE;Sorgente: Matrice Consistenze 2026;DOCUMENTO MANCANTE
1;Via Doria 52;Via Andrea Doria 52;45.2;C5;Verifiche locali uso medico;n.ro locali gruppo 1 e 2;43;REALE;Sorgente: Matrice Consistenze 2026;DOCUMENTO MANCANTE
2;Via Don Orione 2;Via Don Orione 2;45.2;C5;Verifiche locali uso medico;n.ro locali gruppo 1 e 2;23;REALE;Sorgente: Matrice Consistenze 2026;DOCUMENTO MANCANTE
3;Via Farini 9;Via Carlo Farini 9;45.2;C5;Verifiche locali uso medico;n.ro locali gruppo 1 e 2;32;REALE;Sorgente: Matrice Consistenze 2026;DOCUMENTO MANCANTE
TBD;Via Rugabella 4/6;TBD;45.2;C5;Verifiche locali uso medico;n.ro locali gruppo 1 e 2;22;REALE;Sorgente: Matrice Consistenze 2026;DOCUMENTO MANCANTE
5;Via Sassi 4;Via Sassi 4;45.2;C5;Verifiche locali uso medico;n.ro locali gruppo 1 e 2;8;REALE;Sorgente: Matrice Consistenze 2026;DOCUMENTO MANCANTE
5;Via Sassi 4;Via Sassi 4;45.2;C5;Verifiche locali uso medico;n.ro locali gruppo 1 e 2;34;REALE;Sorgente: Matrice Consistenze 2026;DOCUMENTO MANCANTE
9;Via Calvairate 1;Via Calvairate 1;45.2;C5;Verifiche locali uso medico;n.ro locali gruppo 1 e 2;2;REALE;Sorgente: Matrice Consistenze 2026;DOCUMENTO MANCANTE
10;Via Polesine 6;Via Polesine 6;45.2;C5;Verifiche locali uso medico;n.ro locali gruppo 1 e 2;1;REALE;Sorgente: Matrice Consistenze 2026;DOCUMENTO MANCANTE
12;POT Bollate;Via (Bollate);45.2;C5;Verifiche locali uso medico;n.ro locali gruppo 1 e 2;5;REALE;Sorgente: Matrice Consistenze 2026;DOCUMENTO MANCANTE
15;Via Clericetti 22;Via Clericetti 22;45.2;C5;Verifiche locali uso medico;n.ro locali gruppo 1 e 2;9;REALE;Sorgente: Matrice Consistenze 2026;DOCUMENTO MANCANTE
16;Via Don Bosco 14;Via Don Bosco 14;45.2;C5;Verifiche locali uso medico;n.ro locali gruppo 1 e 2;4;REALE;Sorgente: Matrice Consistenze 2026;DOCUMENTO MANCANTE
17;Via Fantoli 7;Via Fantoli 7;45.2;C5;Verifiche locali uso medico;n.ro locali gruppo 1 e 2;11;REALE;Sorgente: Matrice Consistenze 2026;DOCUMENTO MANCANTE
18;Via Palombino 4;Via Monte Palombino 4;45.2;C5;Verifiche locali uso medico;n.ro locali gruppo 1 e 2;3;REALE;Sorgente: Matrice Consistenze 2026;DOCUMENTO MANCANTE
19;Via Quarenghi 21;Via Quarenghi 21;45.2;C5;Verifiche locali uso medico;n.ro locali gruppo 1 e 2;4;REALE;Sorgente: Matrice Consistenze 2026;DOCUMENTO MANCANTE
TBD;via S. Erlemblado 4d;TBD;45.2;C5;Verifiche locali uso medico;n.ro locali gruppo 1 e 2;2;REALE;Sorgente: Matrice Consistenze 2026;DOCUMENTO MANCANTE
27;L.go Volontari del sangue 1;Largo Volontari del Sangue 1;45.2;C5;Verifiche locali uso medico;n.ro locali gruppo 1 e 2;1;REALE;Sorgente: Matrice Consistenze 2026;DOCUMENTO MANCANTE
1;Via Doria 52;Via Andrea Doria 52;45.1;C5;Verifiche impianti di terra e protezione scariche atmosferiche;m2 superficie lorda;4.075;REALE;Sorgente: Matrice Consistenze 2026;DOCUMENTO MANCANTE
2;Via Don Orione 2;Via Don Orione 2;45.1;C5;Verifiche impianti di terra e protezione scariche atmosferiche;m2 superficie lorda;2.967;REALE;Sorgente: Matrice Consistenze 2026;DOCUMENTO MANCANTE
3;Via Farini 9;Via Carlo Farini 9;45.1;C5;Verifiche impianti di terra e protezione scariche atmosferiche;m2 superficie lorda;5.958;REALE;Sorgente: Matrice Consistenze 2026;DOCUMENTO MANCANTE
TBD;Via Rugabella 4/6;TBD;45.1;C5;Verifiche impianti di terra e protezione scariche atmosferiche;m2 superficie lorda;4.088;REALE;Sorgente: Matrice Consistenze 2026;DOCUMENTO MANCANTE
5;Via Sassi 4;Via Sassi 4;45.1;C5;Verifiche impianti di terra e protezione scariche atmosferiche;m2 superficie lorda;523;REALE;Sorgente: Matrice Consistenze 2026;DOCUMENTO MANCANTE
5;Via Sassi 4;Via Sassi 4;45.1;C5;Verifiche impianti di terra e protezione scariche atmosferiche;m2 superficie lorda;4.650;REALE;Sorgente: Matrice Consistenze 2026;DOCUMENTO MANCANTE
7;Viale Jenner 44;Viale Jenner 44;45.1;C5;Verifiche impianti di terra e protezione scariche atmosferiche;m2 superficie lorda;295;REALE;Sorgente: Matrice Consistenze 2026;DOCUMENTO MANCANTE
8;Via Livigno 3;Via Livigno 3;45.1;C5;Verifiche impianti di terra e protezione scariche atmosferiche;m2 superficie lorda;446;REALE;Sorgente: Matrice Consistenze 2026;DOCUMENTO MANCANTE
9;Via Calvairate 1;Via Calvairate 1;45.1;C5;Verifiche impianti di terra e protezione scariche atmosferiche;m2 superficie lorda;106;REALE;Sorgente: Matrice Consistenze 2026;DOCUMENTO MANCANTE
10;Via Polesine 6;Via Polesine 6;45.1;C5;Verifiche impianti di terra e protezione scariche atmosferiche;m2 superficie lorda;82;REALE;Sorgente: Matrice Consistenze 2026;DOCUMENTO MANCANTE
12;POT Bollate;Via (Bollate);45.1;C5;Verifiche impianti di terra e protezione scariche atmosferiche;m2 superficie lorda;1.831;REALE;Sorgente: Matrice Consistenze 2026;DOCUMENTO MANCANTE
15;Via Clericetti 22;Via Clericetti 22;45.1;C5;Verifiche impianti di terra e protezione scariche atmosferiche;m2 superficie lorda;564;REALE;Sorgente: Matrice Consistenze 2026;DOCUMENTO MANCANTE
16;Via Don Bosco 14;Via Don Bosco 14;45.1;C5;Verifiche impianti di terra e protezione scariche atmosferiche;m2 superficie lorda;311;REALE;Sorgente: Matrice Consistenze 2026;DOCUMENTO MANCANTE
17;Via Fantoli 7;Via Fantoli 7;45.1;C5;Verifiche impianti di terra e protezione scariche atmosferiche;m2 superficie lorda;1.154;REALE;Sorgente: Matrice Consistenze 2026;DOCUMENTO MANCANTE
18;Via Palombino 4;Via Monte Palombino 4;45.1;C5;Verifiche impianti di terra e protezione scariche atmosferiche;m2 superficie lorda;109;REALE;Sorgente: Matrice Consistenze 2026;DOCUMENTO MANCANTE
19;Via Quarenghi 21;Via Quarenghi 21;45.1;C5;Verifiche impianti di terra e protezione scariche atmosferiche;m2 superficie lorda;641;REALE;Sorgente: Matrice Consistenze 2026;DOCUMENTO MANCANTE
20;Via Aldini 72;Via Aldini 72;45.1;C5;Verifiche impianti di terra e protezione scariche atmosferiche;m2 superficie lorda;5.508;REALE;Sorgente: Matrice Consistenze 2026;DOCUMENTO MANCANTE
21;Via Perini 22;Via Perini 22;45.1;C5;Verifiche impianti di terra e protezione scariche atmosferiche;m2 superficie lorda;184;REALE;Sorgente: Matrice Consistenze 2026;DOCUMENTO MANCANTE
22;Via Cilea 146A;Via Francesco Cilea 146A;45.1;C5;Verifiche impianti di terra e protezione scariche atmosferiche;m2 superficie lorda;405;REALE;Sorgente: Matrice Consistenze 2026;DOCUMENTO MANCANTE
23;Via Sanzio 9;Via Raffaello Sanzio 9;45.1;C5;Verifiche impianti di terra e protezione scariche atmosferiche;m2 superficie lorda;303;REALE;Sorgente: Matrice Consistenze 2026;DOCUMENTO MANCANTE
24;Via Statuto 5;Via Statuto 5;45.1;C5;Verifiche impianti di terra e protezione scariche atmosferiche;m2 superficie lorda;638;REALE;Sorgente: Matrice Consistenze 2026;DOCUMENTO MANCANTE
TBD;via S. Erlemblado 4d;TBD;45.1;C5;Verifiche impianti di terra e protezione scariche atmosferiche;m2 superficie lorda;861;REALE;Sorgente: Matrice Consistenze 2026;DOCUMENTO MANCANTE
26;Via Padova 118;Via Padova 118;45.1;C5;Verifiche impianti di terra e protezione scariche atmosferiche;m2 superficie lorda;275;REALE;Sorgente: Matrice Consistenze 2026;DOCUMENTO MANCANTE
27;L.go Volontari del sangue 1;Largo Volontari del Sangue 1;45.1;C5;Verifiche impianti di terra e protezione scariche atmosferiche;m2 superficie lorda;677;REALE;Sorgente: Matrice Consistenze 2026;DOCUMENTO MANCANTE
28;Via Plebisciti 4;Corso Plebisciti 4;45.1;C5;Verifiche impianti di terra e protezione scariche atmosferiche;m2 superficie lorda;276;REALE;Sorgente: Matrice Consistenze 2026;DOCUMENTO MANCANTE
29;Via Serlio 8;Via Serlio 8;45.1;C5;Verifiche impianti di terra e protezione scariche atmosferiche;m2 superficie lorda;437;REALE;Sorgente: Matrice Consistenze 2026;DOCUMENTO MANCANTE
17;Via Fantoli 7;Via Fantoli 7;45.1;C5;Verifiche impianti di terra e protezione scariche atmosferiche;m2 superficie lorda;601;REALE;Sorgente: Matrice Consistenze 2026;DOCUMENTO MANCANTE
31;V.le Puglie 33;Viale Puglie 33;45.1;C5;Verifiche impianti di terra e protezione scariche atmosferiche;m2 superficie lorda;370;REALE;Sorgente: Matrice Consistenze 2026;DOCUMENTO MANCANTE
32;Via Natta 19;Via Giulio Natta 19;45.1;C5;Verifiche impianti di terra e protezione scariche atmosferiche;m2 superficie lorda;395;REALE;Sorgente: Matrice Consistenze 2026;DOCUMENTO MANCANTE
TBD;via Oglio 18;TBD;45.1;C5;Verifiche impianti di terra e protezione scariche atmosferiche;m2 superficie lorda;1.398;REALE;Sorgente: Matrice Consistenze 2026;DOCUMENTO MANCANTE
1;Via Doria 52;Via Andrea Doria 52;49.1;D2.01- D2.02;Centrali idriche;n.ro vasche;1;REALE;Sorgente: Matrice Consistenze 2026;DOCUMENTO MANCANTE
3;Via Farini 9;Via Carlo Farini 9;49.1;D2.01- D2.02;Centrali idriche;n.ro vasche;1;REALE;Sorgente: Matrice Consistenze 2026;DOCUMENTO MANCANTE
TBD;Via Rugabella 4/6;TBD;49.1;D2.01- D2.02;Centrali idriche;n.ro vasche;1;REALE;Sorgente: Matrice Consistenze 2026;DOCUMENTO MANCANTE
1;Via Doria 52;Via Andrea Doria 52;50.1;D2.02;Impianti addolcimento;n.ro addolcitori;1;REALE;Sorgente: Matrice Consistenze 2026;DOCUMENTO MANCANTE
2;Via Don Orione 2;Via Don Orione 2;50.1;D2.02;Impianti addolcimento;n.ro addolcitori;1;REALE;Sorgente: Matrice Consistenze 2026;DOCUMENTO MANCANTE
3;Via Farini 9;Via Carlo Farini 9;50.1;D2.02;Impianti addolcimento;n.ro addolcitori;1;REALE;Sorgente: Matrice Consistenze 2026;DOCUMENTO MANCANTE
TBD;Via Rugabella 4/6;TBD;50.1;D2.02;Impianti addolcimento;n.ro addolcitori;2;REALE;Sorgente: Matrice Consistenze 2026;DOCUMENTO MANCANTE
7;Viale Jenner 44;Viale Jenner 44;50.1;D2.02;Impianti addolcimento;n.ro addolcitori;1;REALE;Sorgente: Matrice Consistenze 2026;DOCUMENTO MANCANTE
1;Via Doria 52;Via Andrea Doria 52;51.1;D2.03 - D2.04;Distribuzione idrico sanitaria;m2 superficie lorda;4.075;REALE;Sorgente: Matrice Consistenze 2026;DOCUMENTO MANCANTE
2;Via Don Orione 2;Via Don Orione 2;51.1;D2.03 - D2.04;Distribuzione idrico sanitaria;m2 superficie lorda;2.967;REALE;Sorgente: Matrice Consistenze 2026;DOCUMENTO MANCANTE
3;Via Farini 9;Via Carlo Farini 9;51.1;D2.03 - D2.04;Distribuzione idrico sanitaria;m2 superficie lorda;5.958;REALE;Sorgente: Matrice Consistenze 2026;DOCUMENTO MANCANTE
TBD;Via Rugabella 4/6;TBD;51.1;D2.03 - D2.04;Distribuzione idrico sanitaria;m2 superficie lorda;4.088;REALE;Sorgente: Matrice Consistenze 2026;DOCUMENTO MANCANTE
5;Via Sassi 4;Via Sassi 4;51.1;D2.03 - D2.04;Distribuzione idrico sanitaria;m2 superficie lorda;523;REALE;Sorgente: Matrice Consistenze 2026;DOCUMENTO MANCANTE
5;Via Sassi 4;Via Sassi 4;51.1;D2.03 - D2.04;Distribuzione idrico sanitaria;m2 superficie lorda;4.650;REALE;Sorgente: Matrice Consistenze 2026;DOCUMENTO MANCANTE
7;Viale Jenner 44;Viale Jenner 44;51.1;D2.03 - D2.04;Distribuzione idrico sanitaria;m2 superficie lorda;295;REALE;Sorgente: Matrice Consistenze 2026;DOCUMENTO MANCANTE
8;Via Livigno 3;Via Livigno 3;51.1;D2.03 - D2.04;Distribuzione idrico sanitaria;m2 superficie lorda;446;REALE;Sorgente: Matrice Consistenze 2026;DOCUMENTO MANCANTE
9;Via Calvairate 1;Via Calvairate 1;51.1;D2.03 - D2.04;Distribuzione idrico sanitaria;m2 superficie lorda;106;REALE;Sorgente: Matrice Consistenze 2026;DOCUMENTO MANCANTE
10;Via Polesine 6;Via Polesine 6;51.1;D2.03 - D2.04;Distribuzione idrico sanitaria;m2 superficie lorda;82;REALE;Sorgente: Matrice Consistenze 2026;DOCUMENTO MANCANTE
12;POT Bollate;Via (Bollate);51.1;D2.03 - D2.04;Distribuzione idrico sanitaria;m2 superficie lorda;1.831;REALE;Sorgente: Matrice Consistenze 2026;DOCUMENTO MANCANTE
14;Viale Piceno 60;Viale Piceno 60;51.1;D2.03 - D2.04;Distribuzione idrico sanitaria;m2 superficie lorda;1.095;REALE;Sorgente: Matrice Consistenze 2026;DOCUMENTO MANCANTE
15;Via Clericetti 22;Via Clericetti 22;51.1;D2.03 - D2.04;Distribuzione idrico sanitaria;m2 superficie lorda;564;REALE;Sorgente: Matrice Consistenze 2026;DOCUMENTO MANCANTE
16;Via Don Bosco 14;Via Don Bosco 14;51.1;D2.03 - D2.04;Distribuzione idrico sanitaria;m2 superficie lorda;311;REALE;Sorgente: Matrice Consistenze 2026;DOCUMENTO MANCANTE
17;Via Fantoli 7;Via Fantoli 7;51.1;D2.03 - D2.04;Distribuzione idrico sanitaria;m2 superficie lorda;1.154;REALE;Sorgente: Matrice Consistenze 2026;DOCUMENTO MANCANTE
18;Via Palombino 4;Via Monte Palombino 4;51.1;D2.03 - D2.04;Distribuzione idrico sanitaria;m2 superficie lorda;109;REALE;Sorgente: Matrice Consistenze 2026;DOCUMENTO MANCANTE
19;Via Quarenghi 21;Via Quarenghi 21;51.1;D2.03 - D2.04;Distribuzione idrico sanitaria;m2 superficie lorda;590;REALE;Sorgente: Matrice Consistenze 2026;DOCUMENTO MANCANTE
20;Via Aldini 72;Via Aldini 72;51.1;D2.03 - D2.04;Distribuzione idrico sanitaria;m2 superficie lorda;5.508;REALE;Sorgente: Matrice Consistenze 2026;DOCUMENTO MANCANTE
21;Via Perini 22;Via Perini 22;51.1;D2.03 - D2.04;Distribuzione idrico sanitaria;m2 superficie lorda;184;REALE;Sorgente: Matrice Consistenze 2026;DOCUMENTO MANCANTE
22;Via Cilea 146A;Via Francesco Cilea 146A;51.1;D2.03 - D2.04;Distribuzione idrico sanitaria;m2 superficie lorda;405;REALE;Sorgente: Matrice Consistenze 2026;DOCUMENTO MANCANTE
23;Via Sanzio 9;Via Raffaello Sanzio 9;51.1;D2.03 - D2.04;Distribuzione idrico sanitaria;m2 superficie lorda;303;REALE;Sorgente: Matrice Consistenze 2026;DOCUMENTO MANCANTE
24;Via Statuto 5;Via Statuto 5;51.1;D2.03 - D2.04;Distribuzione idrico sanitaria;m2 superficie lorda;638;REALE;Sorgente: Matrice Consistenze 2026;DOCUMENTO MANCANTE
TBD;via S. Erlemblado 4d;TBD;51.1;D2.03 - D2.04;Distribuzione idrico sanitaria;m2 superficie lorda;861;REALE;Sorgente: Matrice Consistenze 2026;DOCUMENTO MANCANTE
26;Via Padova 118;Via Padova 118;51.1;D2.03 - D2.04;Distribuzione idrico sanitaria;m2 superficie lorda;275;REALE;Sorgente: Matrice Consistenze 2026;DOCUMENTO MANCANTE
27;L.go Volontari del sangue 1;Largo Volontari del Sangue 1;51.1;D2.03 - D2.04;Distribuzione idrico sanitaria;m2 superficie lorda;644;REALE;Sorgente: Matrice Consistenze 2026;DOCUMENTO MANCANTE
28;Via Plebisciti 4;Corso Plebisciti 4;51.1;D2.03 - D2.04;Distribuzione idrico sanitaria;m2 superficie lorda;276;REALE;Sorgente: Matrice Consistenze 2026;DOCUMENTO MANCANTE
29;Via Serlio 8;Via Serlio 8;51.1;D2.03 - D2.04;Distribuzione idrico sanitaria;m2 superficie lorda;437;REALE;Sorgente: Matrice Consistenze 2026;DOCUMENTO MANCANTE
17;Via Fantoli 7;Via Fantoli 7;51.1;D2.03 - D2.04;Distribuzione idrico sanitaria;m2 superficie lorda;601;REALE;Sorgente: Matrice Consistenze 2026;DOCUMENTO MANCANTE
31;V.le Puglie 33;Viale Puglie 33;51.1;D2.03 - D2.04;Distribuzione idrico sanitaria;m2 superficie lorda;370;REALE;Sorgente: Matrice Consistenze 2026;DOCUMENTO MANCANTE
32;Via Natta 19;Via Giulio Natta 19;51.1;D2.03 - D2.04;Distribuzione idrico sanitaria;m2 superficie lorda;395;REALE;Sorgente: Matrice Consistenze 2026;DOCUMENTO MANCANTE
TBD;via Oglio 18;TBD;51.1;D2.03 - D2.04;Distribuzione idrico sanitaria;m2 superficie lorda;1.398;REALE;Sorgente: Matrice Consistenze 2026;DOCUMENTO MANCANTE
1;Via Doria 52;Via Andrea Doria 52;52.1;D3.01;Apparecchiature controllo legionellosi;n.ro impianti produttori biossido di cloro;1;REALE;Sorgente: Matrice Consistenze 2026;DOCUMENTO MANCANTE
2;Via Don Orione 2;Via Don Orione 2;52.1;D3.01;Apparecchiature controllo legionellosi;n.ro impianti produttori biossido di cloro;1;REALE;Sorgente: Matrice Consistenze 2026;DOCUMENTO MANCANTE
3;Via Farini 9;Via Carlo Farini 9;52.1;D3.01;Apparecchiature controllo legionellosi;n.ro impianti produttori biossido di cloro;1;REALE;Sorgente: Matrice Consistenze 2026;DOCUMENTO MANCANTE
TBD;Via Rugabella 4/6;TBD;52.1;D3.01;Apparecchiature controllo legionellosi;n.ro impianti produttori biossido di cloro;1;REALE;Sorgente: Matrice Consistenze 2026;DOCUMENTO MANCANTE
5;Via Sassi 4;Via Sassi 4;52.1;D3.01;Apparecchiature controllo legionellosi;n.ro impianti produttori biossido di cloro;1;REALE;Sorgente: Matrice Consistenze 2026;DOCUMENTO MANCANTE
1;Via Doria 52;Via Andrea Doria 52;53.1;D3.01.06/07;Prove della legionella della rete idrico-sanitaria;n.ro analisi effettuate annue;3;REALE;Sorgente: Matrice Consistenze 2026;DOCUMENTO MANCANTE
2;Via Don Orione 2;Via Don Orione 2;53.1;D3.01.06/07;Prove della legionella della rete idrico-sanitaria;n.ro analisi effettuate annue;3;REALE;Sorgente: Matrice Consistenze 2026;DOCUMENTO MANCANTE
3;Via Farini 9;Via Carlo Farini 9;53.1;D3.01.06/07;Prove della legionella della rete idrico-sanitaria;n.ro analisi effettuate annue;3;REALE;Sorgente: Matrice Consistenze 2026;DOCUMENTO MANCANTE
TBD;Via Rugabella 4/6;TBD;53.1;D3.01.06/07;Prove della legionella della rete idrico-sanitaria;n.ro analisi effettuate annue;3;REALE;Sorgente: Matrice Consistenze 2026;DOCUMENTO MANCANTE
5;Via Sassi 4;Via Sassi 4;53.1;D3.01.06/07;Prove della legionella della rete idrico-sanitaria;n.ro analisi effettuate annue;3;REALE;Sorgente: Matrice Consistenze 2026;DOCUMENTO MANCANTE
5;Via Sassi 4;Via Sassi 4;53.1;D3.01.06/07;Prove della legionella della rete idrico-sanitaria;n.ro analisi effettuate annue;10;REALE;Sorgente: Matrice Consistenze 2026;DOCUMENTO MANCANTE
7;Viale Jenner 44;Viale Jenner 44;53.1;D3.01.06/07;Prove della legionella della rete idrico-sanitaria;n.ro analisi effettuate annue;3;REALE;Sorgente: Matrice Consistenze 2026;DOCUMENTO MANCANTE
8;Via Livigno 3;Via Livigno 3;53.1;D3.01.06/07;Prove della legionella della rete idrico-sanitaria;n.ro analisi effettuate annue;3;REALE;Sorgente: Matrice Consistenze 2026;DOCUMENTO MANCANTE
9;Via Calvairate 1;Via Calvairate 1;53.1;D3.01.06/07;Prove della legionella della rete idrico-sanitaria;n.ro analisi effettuate annue;3;REALE;Sorgente: Matrice Consistenze 2026;DOCUMENTO MANCANTE
10;Via Polesine 6;Via Polesine 6;53.1;D3.01.06/07;Prove della legionella della rete idrico-sanitaria;n.ro analisi effettuate annue;3;REALE;Sorgente: Matrice Consistenze 2026;DOCUMENTO MANCANTE
12;POT Bollate;Via (Bollate);53.1;D3.01.06/07;Prove della legionella della rete idrico-sanitaria;n.ro analisi effettuate annue;2;REALE;Sorgente: Matrice Consistenze 2026;DOCUMENTO MANCANTE
14;Viale Piceno 60;Viale Piceno 60;53.1;D3.01.06/07;Prove della legionella della rete idrico-sanitaria;n.ro analisi effettuate annue;2;REALE;Sorgente: Matrice Consistenze 2026;DOCUMENTO MANCANTE
15;Via Clericetti 22;Via Clericetti 22;53.1;D3.01.06/07;Prove della legionella della rete idrico-sanitaria;n.ro analisi effettuate annue;2;REALE;Sorgente: Matrice Consistenze 2026;DOCUMENTO MANCANTE
16;Via Don Bosco 14;Via Don Bosco 14;53.1;D3.01.06/07;Prove della legionella della rete idrico-sanitaria;n.ro analisi effettuate annue;2;REALE;Sorgente: Matrice Consistenze 2026;DOCUMENTO MANCANTE
17;Via Fantoli 7;Via Fantoli 7;53.1;D3.01.06/07;Prove della legionella della rete idrico-sanitaria;n.ro analisi effettuate annue;2;REALE;Sorgente: Matrice Consistenze 2026;DOCUMENTO MANCANTE
18;Via Palombino 4;Via Monte Palombino 4;53.1;D3.01.06/07;Prove della legionella della rete idrico-sanitaria;n.ro analisi effettuate annue;2;REALE;Sorgente: Matrice Consistenze 2026;DOCUMENTO MANCANTE
19;Via Quarenghi 21;Via Quarenghi 21;53.1;D3.01.06/07;Prove della legionella della rete idrico-sanitaria;n.ro analisi effettuate annue;2;REALE;Sorgente: Matrice Consistenze 2026;DOCUMENTO MANCANTE
20;Via Aldini 72;Via Aldini 72;53.1;D3.01.06/07;Prove della legionella della rete idrico-sanitaria;n.ro analisi effettuate annue;2;REALE;Sorgente: Matrice Consistenze 2026;DOCUMENTO MANCANTE
21;Via Perini 22;Via Perini 22;53.1;D3.01.06/07;Prove della legionella della rete idrico-sanitaria;n.ro analisi effettuate annue;2;REALE;Sorgente: Matrice Consistenze 2026;DOCUMENTO MANCANTE
22;Via Cilea 146A;Via Francesco Cilea 146A;53.1;D3.01.06/07;Prove della legionella della rete idrico-sanitaria;n.ro analisi effettuate annue;2;REALE;Sorgente: Matrice Consistenze 2026;DOCUMENTO MANCANTE
23;Via Sanzio 9;Via Raffaello Sanzio 9;53.1;D3.01.06/07;Prove della legionella della rete idrico-sanitaria;n.ro analisi effettuate annue;2;REALE;Sorgente: Matrice Consistenze 2026;DOCUMENTO MANCANTE
24;Via Statuto 5;Via Statuto 5;53.1;D3.01.06/07;Prove della legionella della rete idrico-sanitaria;n.ro analisi effettuate annue;2;REALE;Sorgente: Matrice Consistenze 2026;DOCUMENTO MANCANTE
TBD;via S. Erlemblado 4d;TBD;53.1;D3.01.06/07;Prove della legionella della rete idrico-sanitaria;n.ro analisi effettuate annue;2;REALE;Sorgente: Matrice Consistenze 2026;DOCUMENTO MANCANTE
26;Via Padova 118;Via Padova 118;53.1;D3.01.06/07;Prove della legionella della rete idrico-sanitaria;n.ro analisi effettuate annue;2;REALE;Sorgente: Matrice Consistenze 2026;DOCUMENTO MANCANTE
27;L.go Volontari del sangue 1;Largo Volontari del Sangue 1;53.1;D3.01.06/07;Prove della legionella della rete idrico-sanitaria;n.ro analisi effettuate annue;2;REALE;Sorgente: Matrice Consistenze 2026;DOCUMENTO MANCANTE
28;Via Plebisciti 4;Corso Plebisciti 4;53.1;D3.01.06/07;Prove della legionella della rete idrico-sanitaria;n.ro analisi effettuate annue;2;REALE;Sorgente: Matrice Consistenze 2026;DOCUMENTO MANCANTE
29;Via Serlio 8;Via Serlio 8;53.1;D3.01.06/07;Prove della legionella della rete idrico-sanitaria;n.ro analisi effettuate annue;2;REALE;Sorgente: Matrice Consistenze 2026;DOCUMENTO MANCANTE
17;Via Fantoli 7;Via Fantoli 7;53.1;D3.01.06/07;Prove della legionella della rete idrico-sanitaria;n.ro analisi effettuate annue;2;REALE;Sorgente: Matrice Consistenze 2026;DOCUMENTO MANCANTE
31;V.le Puglie 33;Viale Puglie 33;53.1;D3.01.06/07;Prove della legionella della rete idrico-sanitaria;n.ro analisi effettuate annue;2;REALE;Sorgente: Matrice Consistenze 2026;DOCUMENTO MANCANTE
32;Via Natta 19;Via Giulio Natta 19;53.1;D3.01.06/07;Prove della legionella della rete idrico-sanitaria;n.ro analisi effettuate annue;2;REALE;Sorgente: Matrice Consistenze 2026;DOCUMENTO MANCANTE
TBD;via Oglio 18;TBD;53.1;D3.01.06/07;Prove della legionella della rete idrico-sanitaria;n.ro analisi effettuate annue;2;REALE;Sorgente: Matrice Consistenze 2026;DOCUMENTO MANCANTE
1;Via Doria 52;Via Andrea Doria 52;61.1;E1.03 - E1.06 - E3.04;compartimentazioni, serrande tagliafuoco;m2 superficie lorda servita;4.075;REALE;Sorgente: Matrice Consistenze 2026;DOCUMENTO MANCANTE
2;Via Don Orione 2;Via Don Orione 2;61.1;E1.03 - E1.06 - E3.04;compartimentazioni, serrande tagliafuoco;m2 superficie lorda servita;2.967;REALE;Sorgente: Matrice Consistenze 2026;DOCUMENTO MANCANTE
3;Via Farini 9;Via Carlo Farini 9;61.1;E1.03 - E1.06 - E3.04;compartimentazioni, serrande tagliafuoco;m2 superficie lorda servita;5.958;REALE;Sorgente: Matrice Consistenze 2026;DOCUMENTO MANCANTE
TBD;Via Rugabella 4/6;TBD;61.1;E1.03 - E1.06 - E3.04;compartimentazioni, serrande tagliafuoco;m2 superficie lorda servita;4.088;REALE;Sorgente: Matrice Consistenze 2026;DOCUMENTO MANCANTE
5;Via Sassi 4;Via Sassi 4;61.1;E1.03 - E1.06 - E3.04;compartimentazioni, serrande tagliafuoco;m2 superficie lorda servita;523;REALE;Sorgente: Matrice Consistenze 2026;DOCUMENTO MANCANTE
5;Via Sassi 4;Via Sassi 4;61.1;E1.03 - E1.06 - E3.04;compartimentazioni, serrande tagliafuoco;m2 superficie lorda servita;4.650;REALE;Sorgente: Matrice Consistenze 2026;DOCUMENTO MANCANTE
7;Viale Jenner 44;Viale Jenner 44;61.1;E1.03 - E1.06 - E3.04;compartimentazioni, serrande tagliafuoco;m2 superficie lorda servita;295;REALE;Sorgente: Matrice Consistenze 2026;DOCUMENTO MANCANTE
8;Via Livigno 3;Via Livigno 3;61.1;E1.03 - E1.06 - E3.04;compartimentazioni, serrande tagliafuoco;m2 superficie lorda servita;446;REALE;Sorgente: Matrice Consistenze 2026;DOCUMENTO MANCANTE
12;POT Bollate;Via (Bollate);61.1;E1.03 - E1.06 - E3.04;compartimentazioni, serrande tagliafuoco;m2 superficie lorda servita;1.831;REALE;Sorgente: Matrice Consistenze 2026;DOCUMENTO MANCANTE
TBD;Legnano;TBD;61.1;E1.03 - E1.06 - E3.04;compartimentazioni, serrande tagliafuoco;m2 superficie lorda servita;4.855;REALE;Sorgente: Matrice Consistenze 2026;DOCUMENTO MANCANTE
15;Via Clericetti 22;Via Clericetti 22;61.1;E1.03 - E1.06 - E3.04;compartimentazioni, serrande tagliafuoco;m2 superficie lorda servita;564;REALE;Sorgente: Matrice Consistenze 2026;DOCUMENTO MANCANTE
16;Via Don Bosco 14;Via Don Bosco 14;61.1;E1.03 - E1.06 - E3.04;compartimentazioni, serrande tagliafuoco;m2 superficie lorda servita;311;REALE;Sorgente: Matrice Consistenze 2026;DOCUMENTO MANCANTE
17;Via Fantoli 7;Via Fantoli 7;61.1;E1.03 - E1.06 - E3.04;compartimentazioni, serrande tagliafuoco;m2 superficie lorda servita;1.154;REALE;Sorgente: Matrice Consistenze 2026;DOCUMENTO MANCANTE
18;Via Palombino 4;Via Monte Palombino 4;61.1;E1.03 - E1.06 - E3.04;compartimentazioni, serrande tagliafuoco;m2 superficie lorda servita;109;REALE;Sorgente: Matrice Consistenze 2026;DOCUMENTO MANCANTE
19;Via Quarenghi 21;Via Quarenghi 21;61.1;E1.03 - E1.06 - E3.04;compartimentazioni, serrande tagliafuoco;m2 superficie lorda servita;641;REALE;Sorgente: Matrice Consistenze 2026;DOCUMENTO MANCANTE
20;Via Aldini 72;Via Aldini 72;61.1;E1.03 - E1.06 - E3.04;compartimentazioni, serrande tagliafuoco;m2 superficie lorda servita;5.508;REALE;Sorgente: Matrice Consistenze 2026;DOCUMENTO MANCANTE
21;Via Perini 22;Via Perini 22;61.1;E1.03 - E1.06 - E3.04;compartimentazioni, serrande tagliafuoco;m2 superficie lorda servita;184;REALE;Sorgente: Matrice Consistenze 2026;DOCUMENTO MANCANTE
22;Via Cilea 146A;Via Francesco Cilea 146A;61.1;E1.03 - E1.06 - E3.04;compartimentazioni, serrande tagliafuoco;m2 superficie lorda servita;405;REALE;Sorgente: Matrice Consistenze 2026;DOCUMENTO MANCANTE
23;Via Sanzio 9;Via Raffaello Sanzio 9;61.1;E1.03 - E1.06 - E3.04;compartimentazioni, serrande tagliafuoco;m2 superficie lorda servita;303;REALE;Sorgente: Matrice Consistenze 2026;DOCUMENTO MANCANTE
1;Via Doria 52;Via Andrea Doria 52;64.1;E2.01 - E2.04 - E2.05;impianti rivelazione e segnalazione incendi;m2 superficie lorda servita;4.055;REALE;Sorgente: Matrice Consistenze 2026;DOCUMENTO MANCANTE
2;Via Don Orione 2;Via Don Orione 2;64.1;E2.01 - E2.04 - E2.05;impianti rivelazione e segnalazione incendi;m2 superficie lorda servita;2.882;REALE;Sorgente: Matrice Consistenze 2026;DOCUMENTO MANCANTE
3;Via Farini 9;Via Carlo Farini 9;64.1;E2.01 - E2.04 - E2.05;impianti rivelazione e segnalazione incendi;m2 superficie lorda servita;5.580;REALE;Sorgente: Matrice Consistenze 2026;DOCUMENTO MANCANTE
TBD;Via Rugabella 4/6;TBD;64.1;E2.01 - E2.04 - E2.05;impianti rivelazione e segnalazione incendi;m2 superficie lorda servita;4.068;REALE;Sorgente: Matrice Consistenze 2026;DOCUMENTO MANCANTE
5;Via Sassi 4;Via Sassi 4;64.1;E2.01 - E2.04 - E2.05;impianti rivelazione e segnalazione incendi;m2 superficie lorda servita;520;REALE;Sorgente: Matrice Consistenze 2026;DOCUMENTO MANCANTE
5;Via Sassi 4;Via Sassi 4;64.1;E2.01 - E2.04 - E2.05;impianti rivelazione e segnalazione incendi;m2 superficie lorda servita;4.650;REALE;Sorgente: Matrice Consistenze 2026;DOCUMENTO MANCANTE
7;Viale Jenner 44;Viale Jenner 44;64.1;E2.01 - E2.04 - E2.05;impianti rivelazione e segnalazione incendi;m2 superficie lorda servita;295;REALE;Sorgente: Matrice Consistenze 2026;DOCUMENTO MANCANTE
8;Via Livigno 3;Via Livigno 3;64.1;E2.01 - E2.04 - E2.05;impianti rivelazione e segnalazione incendi;m2 superficie lorda servita;446;REALE;Sorgente: Matrice Consistenze 2026;DOCUMENTO MANCANTE
9;Via Calvairate 1;Via Calvairate 1;64.1;E2.01 - E2.04 - E2.05;impianti rivelazione e segnalazione incendi;m2 superficie lorda servita;106;REALE;Sorgente: Matrice Consistenze 2026;DOCUMENTO MANCANTE
10;Via Polesine 6;Via Polesine 6;64.1;E2.01 - E2.04 - E2.05;impianti rivelazione e segnalazione incendi;m2 superficie lorda servita;82;REALE;Sorgente: Matrice Consistenze 2026;DOCUMENTO MANCANTE
12;POT Bollate;Via (Bollate);64.1;E2.01 - E2.04 - E2.05;impianti rivelazione e segnalazione incendi;m2 superficie lorda servita;1.831;REALE;Sorgente: Matrice Consistenze 2026;DOCUMENTO MANCANTE
TBD;Legnano;TBD;64.1;E2.01 - E2.04 - E2.05;impianti rivelazione e segnalazione incendi;m2 superficie lorda servita;4.855;REALE;Sorgente: Matrice Consistenze 2026;DOCUMENTO MANCANTE
15;Via Clericetti 22;Via Clericetti 22;64.1;E2.01 - E2.04 - E2.05;impianti rivelazione e segnalazione incendi;m2 superficie lorda servita;564;REALE;Sorgente: Matrice Consistenze 2026;DOCUMENTO MANCANTE
16;Via Don Bosco 14;Via Don Bosco 14;64.1;E2.01 - E2.04 - E2.05;impianti rivelazione e segnalazione incendi;m2 superficie lorda servita;311;REALE;Sorgente: Matrice Consistenze 2026;DOCUMENTO MANCANTE
17;Via Fantoli 7;Via Fantoli 7;64.1;E2.01 - E2.04 - E2.05;impianti rivelazione e segnalazione incendi;m2 superficie lorda servita;1.154;REALE;Sorgente: Matrice Consistenze 2026;DOCUMENTO MANCANTE
18;Via Palombino 4;Via Monte Palombino 4;64.1;E2.01 - E2.04 - E2.05;impianti rivelazione e segnalazione incendi;m2 superficie lorda servita;109;REALE;Sorgente: Matrice Consistenze 2026;DOCUMENTO MANCANTE
19;Via Quarenghi 21;Via Quarenghi 21;64.1;E2.01 - E2.04 - E2.05;impianti rivelazione e segnalazione incendi;m2 superficie lorda servita;641;REALE;Sorgente: Matrice Consistenze 2026;DOCUMENTO MANCANTE
20;Via Aldini 72;Via Aldini 72;64.1;E2.01 - E2.04 - E2.05;impianti rivelazione e segnalazione incendi;m2 superficie lorda servita;5.508;REALE;Sorgente: Matrice Consistenze 2026;DOCUMENTO MANCANTE
21;Via Perini 22;Via Perini 22;64.1;E2.01 - E2.04 - E2.05;impianti rivelazione e segnalazione incendi;m2 superficie lorda servita;184;REALE;Sorgente: Matrice Consistenze 2026;DOCUMENTO MANCANTE
22;Via Cilea 146A;Via Francesco Cilea 146A;64.1;E2.01 - E2.04 - E2.05;impianti rivelazione e segnalazione incendi;m2 superficie lorda servita;405;REALE;Sorgente: Matrice Consistenze 2026;DOCUMENTO MANCANTE
23;Via Sanzio 9;Via Raffaello Sanzio 9;64.1;E2.01 - E2.04 - E2.05;impianti rivelazione e segnalazione incendi;m2 superficie lorda servita;303;REALE;Sorgente: Matrice Consistenze 2026;DOCUMENTO MANCANTE
1;Via Doria 52;Via Andrea Doria 52;62.1;E1.04 - E1.05 - E2.02;illuminazione di emergenza, segnaletica antincendio e vie di esodo;m2 superficie lorda;1.374;REALE;Sorgente: Matrice Consistenze 2026;DOCUMENTO MANCANTE
2;Via Don Orione 2;Via Don Orione 2;62.1;E1.04 - E1.05 - E2.02;illuminazione di emergenza, segnaletica antincendio e vie di esodo;m2 superficie lorda;1.133;REALE;Sorgente: Matrice Consistenze 2026;DOCUMENTO MANCANTE
3;Via Farini 9;Via Carlo Farini 9;62.1;E1.04 - E1.05 - E2.02;illuminazione di emergenza, segnaletica antincendio e vie di esodo;m2 superficie lorda;1.399;REALE;Sorgente: Matrice Consistenze 2026;DOCUMENTO MANCANTE
TBD;Via Rugabella 4/6;TBD;62.1;E1.04 - E1.05 - E2.02;illuminazione di emergenza, segnaletica antincendio e vie di esodo;m2 superficie lorda;1.470;REALE;Sorgente: Matrice Consistenze 2026;DOCUMENTO MANCANTE
5;Via Sassi 4;Via Sassi 4;62.1;E1.04 - E1.05 - E2.02;illuminazione di emergenza, segnaletica antincendio e vie di esodo;m2 superficie lorda;158;REALE;Sorgente: Matrice Consistenze 2026;DOCUMENTO MANCANTE
5;Via Sassi 4;Via Sassi 4;62.1;E1.04 - E1.05 - E2.02;illuminazione di emergenza, segnaletica antincendio e vie di esodo;m2 superficie lorda;4.650;REALE;Sorgente: Matrice Consistenze 2026;DOCUMENTO MANCANTE
7;Viale Jenner 44;Viale Jenner 44;62.1;E1.04 - E1.05 - E2.02;illuminazione di emergenza, segnaletica antincendio e vie di esodo;m2 superficie lorda;295;REALE;Sorgente: Matrice Consistenze 2026;DOCUMENTO MANCANTE
8;Via Livigno 3;Via Livigno 3;62.1;E1.04 - E1.05 - E2.02;illuminazione di emergenza, segnaletica antincendio e vie di esodo;m2 superficie lorda;446;REALE;Sorgente: Matrice Consistenze 2026;DOCUMENTO MANCANTE
9;Via Calvairate 1;Via Calvairate 1;62.1;E1.04 - E1.05 - E2.02;illuminazione di emergenza, segnaletica antincendio e vie di esodo;m2 superficie lorda;106;REALE;Sorgente: Matrice Consistenze 2026;DOCUMENTO MANCANTE
10;Via Polesine 6;Via Polesine 6;62.1;E1.04 - E1.05 - E2.02;illuminazione di emergenza, segnaletica antincendio e vie di esodo;m2 superficie lorda;82;REALE;Sorgente: Matrice Consistenze 2026;DOCUMENTO MANCANTE
12;POT Bollate;Via (Bollate);62.1;E1.04 - E1.05 - E2.02;illuminazione di emergenza, segnaletica antincendio e vie di esodo;m2 superficie lorda;1.831;REALE;Sorgente: Matrice Consistenze 2026;DOCUMENTO MANCANTE
TBD;Legnano;TBD;62.1;E1.04 - E1.05 - E2.02;illuminazione di emergenza, segnaletica antincendio e vie di esodo;m2 superficie lorda;4.855;REALE;Sorgente: Matrice Consistenze 2026;DOCUMENTO MANCANTE
15;Via Clericetti 22;Via Clericetti 22;62.1;E1.04 - E1.05 - E2.02;illuminazione di emergenza, segnaletica antincendio e vie di esodo;m2 superficie lorda;564;REALE;Sorgente: Matrice Consistenze 2026;DOCUMENTO MANCANTE
16;Via Don Bosco 14;Via Don Bosco 14;62.1;E1.04 - E1.05 - E2.02;illuminazione di emergenza, segnaletica antincendio e vie di esodo;m2 superficie lorda;311;REALE;Sorgente: Matrice Consistenze 2026;DOCUMENTO MANCANTE
17;Via Fantoli 7;Via Fantoli 7;62.1;E1.04 - E1.05 - E2.02;illuminazione di emergenza, segnaletica antincendio e vie di esodo;m2 superficie lorda;1.154;REALE;Sorgente: Matrice Consistenze 2026;DOCUMENTO MANCANTE
18;Via Palombino 4;Via Monte Palombino 4;62.1;E1.04 - E1.05 - E2.02;illuminazione di emergenza, segnaletica antincendio e vie di esodo;m2 superficie lorda;109;REALE;Sorgente: Matrice Consistenze 2026;DOCUMENTO MANCANTE
19;Via Quarenghi 21;Via Quarenghi 21;62.1;E1.04 - E1.05 - E2.02;illuminazione di emergenza, segnaletica antincendio e vie di esodo;m2 superficie lorda;641;REALE;Sorgente: Matrice Consistenze 2026;DOCUMENTO MANCANTE
20;Via Aldini 72;Via Aldini 72;62.1;E1.04 - E1.05 - E2.02;illuminazione di emergenza, segnaletica antincendio e vie di esodo;m2 superficie lorda;5.508;REALE;Sorgente: Matrice Consistenze 2026;DOCUMENTO MANCANTE
21;Via Perini 22;Via Perini 22;62.1;E1.04 - E1.05 - E2.02;illuminazione di emergenza, segnaletica antincendio e vie di esodo;m2 superficie lorda;184;REALE;Sorgente: Matrice Consistenze 2026;DOCUMENTO MANCANTE
22;Via Cilea 146A;Via Francesco Cilea 146A;62.1;E1.04 - E1.05 - E2.02;illuminazione di emergenza, segnaletica antincendio e vie di esodo;m2 superficie lorda;405;REALE;Sorgente: Matrice Consistenze 2026;DOCUMENTO MANCANTE
23;Via Sanzio 9;Via Raffaello Sanzio 9;62.1;E1.04 - E1.05 - E2.02;illuminazione di emergenza, segnaletica antincendio e vie di esodo;m2 superficie lorda;303;REALE;Sorgente: Matrice Consistenze 2026;DOCUMENTO MANCANTE
1;Via Doria 52;Via Andrea Doria 52;60.1;E1.02;Estintori;n.ro estintori;54;REALE;Sorgente: Matrice Consistenze 2026;DOCUMENTO MANCANTE
2;Via Don Orione 2;Via Don Orione 2;60.1;E1.02;Estintori;n.ro estintori;35;REALE;Sorgente: Matrice Consistenze 2026;DOCUMENTO MANCANTE
3;Via Farini 9;Via Carlo Farini 9;60.1;E1.02;Estintori;n.ro estintori;65;REALE;Sorgente: Matrice Consistenze 2026;DOCUMENTO MANCANTE
4;Via Rugabella 4/6;TBD;60.1;E1.02;Estintori;n.ro estintori;58;REALE;Sorgente: Matrice Consistenze 2026;DOCUMENTO MANCANTE
5;Via Sassi 4;Via Sassi 4;60.1;E1.02;Estintori;n.ro estintori;7;REALE;Sorgente: Matrice Consistenze 2026;DOCUMENTO MANCANTE
5;Via Sassi 4;Via Sassi 4;60.1;E1.02;Estintori;n.ro estintori;40;REALE;Sorgente: Matrice Consistenze 2026;DOCUMENTO MANCANTE
7;Viale Jenner 44;Viale Jenner 44;60.1;E1.02;Estintori;n.ro estintori;3;REALE;Sorgente: Matrice Consistenze 2026;DOCUMENTO MANCANTE
8;Via Livigno 3;Via Livigno 3;60.1;E1.02;Estintori;n.ro estintori;11;REALE;Sorgente: Matrice Consistenze 2026;DOCUMENTO MANCANTE
9;Via Calvairate 1;Via Calvairate 1;60.1;E1.02;Estintori;n.ro estintori;2;REALE;Sorgente: Matrice Consistenze 2026;DOCUMENTO MANCANTE
10;Via Polesine 6;Via Polesine 6;60.1;E1.02;Estintori;n.ro estintori;1;REALE;Sorgente: Matrice Consistenze 2026;DOCUMENTO MANCANTE
11b;Via Adriano 99;Via Adriano 99;60.1;E1.02;Estintori;n.ro estintori;6;REALE;Sorgente: Matrice Consistenze 2026;DOCUMENTO MANCANTE
12;POT Bollate;Via (Bollate);60.1;E1.02;Estintori;n.ro estintori;6;REALE;Sorgente: Matrice Consistenze 2026;DOCUMENTO MANCANTE
TBD;Legnano;TBD;60.1;E1.02;Estintori;n.ro estintori;21;REALE;Sorgente: Matrice Consistenze 2026;DOCUMENTO MANCANTE
15;Via Clericetti 22;Via Clericetti 22;60.1;E1.02;Estintori;n.ro estintori;7;REALE;Sorgente: Matrice Consistenze 2026;DOCUMENTO MANCANTE
16;Via Don Bosco 14;Via Don Bosco 14;60.1;E1.02;Estintori;n.ro estintori;4;REALE;Sorgente: Matrice Consistenze 2026;DOCUMENTO MANCANTE
17;Via Fantoli 7;Via Fantoli 7;60.1;E1.02;Estintori;n.ro estintori;9;REALE;Sorgente: Matrice Consistenze 2026;DOCUMENTO MANCANTE
18;Via Palombino 4;Via Monte Palombino 4;60.1;E1.02;Estintori;n.ro estintori;2;REALE;Sorgente: Matrice Consistenze 2026;DOCUMENTO MANCANTE
19;Via Quarenghi 21;Via Quarenghi 21;60.1;E1.02;Estintori;n.ro estintori;7;REALE;Sorgente: Matrice Consistenze 2026;DOCUMENTO MANCANTE
21;Via Perini 22;Via Perini 22;60.1;E1.02;Estintori;n.ro estintori;4;REALE;Sorgente: Matrice Consistenze 2026;DOCUMENTO MANCANTE
22;Via Cilea 146A;Via Francesco Cilea 146A;60.1;E1.02;Estintori;n.ro estintori;6;REALE;Sorgente: Matrice Consistenze 2026;DOCUMENTO MANCANTE
23;Via Sanzio 9;Via Raffaello Sanzio 9;60.1;E1.02;Estintori;n.ro estintori;1;REALE;Sorgente: Matrice Consistenze 2026;DOCUMENTO MANCANTE
17;Via Fantoli 7;Via Fantoli 7;60.1;E1.02;Estintori;n.ro estintori;12;REALE;Sorgente: Matrice Consistenze 2026;DOCUMENTO MANCANTE
TBD;Via Rugabella 4/6;TBD;66.1;E3.01 - E3.08;Centrale di pressurizzazione;n.ro centrali;1;REALE;Sorgente: Matrice Consistenze 2026;DOCUMENTO MANCANTE
5;Via Sassi 4;Via Sassi 4;66.1;E3.01 - E3.08;Centrale di pressurizzazione;n.ro centrali;1;REALE;Sorgente: Matrice Consistenze 2026;DOCUMENTO MANCANTE
1;Via Doria 52;Via Andrea Doria 52;67.1;E3.02 - E3.08;Rete idrica e terminali;n.ro idranti o naspi;21;REALE;Sorgente: Matrice Consistenze 2026;DOCUMENTO MANCANTE
2;Via Don Orione 2;Via Don Orione 2;67.1;E3.02 - E3.08;Rete idrica e terminali;n.ro idranti o naspi;22;REALE;Sorgente: Matrice Consistenze 2026;DOCUMENTO MANCANTE
3;Via Farini 9;Via Carlo Farini 9;67.1;E3.02 - E3.08;Rete idrica e terminali;n.ro idranti o naspi;18;REALE;Sorgente: Matrice Consistenze 2026;DOCUMENTO MANCANTE
TBD;Via Rugabella 4/6;TBD;67.1;E3.02 - E3.08;Rete idrica e terminali;n.ro idranti o naspi;26;REALE;Sorgente: Matrice Consistenze 2026;DOCUMENTO MANCANTE
5;Via Sassi 4;Via Sassi 4;67.1;E3.02 - E3.08;Rete idrica e terminali;n.ro idranti o naspi;21;REALE;Sorgente: Matrice Consistenze 2026;DOCUMENTO MANCANTE
8;Via Livigno 3;Via Livigno 3;67.1;E3.02 - E3.08;Rete idrica e terminali;n.ro idranti o naspi;2;REALE;Sorgente: Matrice Consistenze 2026;DOCUMENTO MANCANTE
12;POT Bollate;Via (Bollate);67.1;E3.02 - E3.08;Rete idrica e terminali;n.ro idranti o naspi;1;REALE;Sorgente: Matrice Consistenze 2026;DOCUMENTO MANCANTE
17;Via Fantoli 7;Via Fantoli 7;67.1;E3.02 - E3.08;Rete idrica e terminali;n.ro idranti o naspi;2;REALE;Sorgente: Matrice Consistenze 2026;DOCUMENTO MANCANTE
23;Via Sanzio 9;Via Raffaello Sanzio 9;67.1;E3.02 - E3.08;Rete idrica e terminali;n.ro idranti o naspi;1;REALE;Sorgente: Matrice Consistenze 2026;DOCUMENTO MANCANTE
17;Via Fantoli 7;Via Fantoli 7;67.1;E3.02 - E3.08;Rete idrica e terminali;n.ro idranti o naspi;3;REALE;Sorgente: Matrice Consistenze 2026;DOCUMENTO MANCANTE
1;Via Doria 52;Via Andrea Doria 52;72.1;F1.01;Elevatori 1-5 piani (fino a 6 fermate);n.ro elevatori;1;REALE;Sorgente: Matrice Consistenze 2026;DOCUMENTO MANCANTE
2;Via Don Orione 2;Via Don Orione 2;72.1;F1.01;Elevatori 1-5 piani (fino a 6 fermate);n.ro elevatori;2;REALE;Sorgente: Matrice Consistenze 2026;DOCUMENTO MANCANTE
3;Via Farini 9;Via Carlo Farini 9;72.1;F1.01;Elevatori 1-5 piani (fino a 6 fermate);n.ro elevatori;3;REALE;Sorgente: Matrice Consistenze 2026;DOCUMENTO MANCANTE
5;Via Sassi 4;Via Sassi 4;72.1;F1.01;Elevatori 1-5 piani (fino a 6 fermate);n.ro elevatori;2;REALE;Sorgente: Matrice Consistenze 2026;DOCUMENTO MANCANTE
1;Via Doria 52;Via Andrea Doria 52;72.2;F1.01;Elevatori 6-10 piani (fino a 11 fermate);n.ro elevatori;3;REALE;Sorgente: Matrice Consistenze 2026;DOCUMENTO MANCANTE
3;Via Farini 9;Via Carlo Farini 9;72.2;F1.01;Elevatori 6-10 piani (fino a 11 fermate);n.ro elevatori;1;REALE;Sorgente: Matrice Consistenze 2026;DOCUMENTO MANCANTE
TBD;Via Rugabella 4/6;TBD;72.2;F1.01;Elevatori 6-10 piani (fino a 11 fermate);n.ro elevatori;2;REALE;Sorgente: Matrice Consistenze 2026;DOCUMENTO MANCANTE
5;Via Sassi 4;Via Sassi 4;72.2;F1.01;Elevatori 6-10 piani (fino a 11 fermate);n.ro elevatori;3;REALE;Sorgente: Matrice Consistenze 2026;DOCUMENTO MANCANTE
2;Via Don Orione 2;Via Don Orione 2;73.1;F1.02;Servoscala;n.ro servoscala;1;REALE;Sorgente: Matrice Consistenze 2026;DOCUMENTO MANCANTE
1;Via Doria 52;Via Andrea Doria 52;76.1;G1;Pompe di sollevamento acque nere e chiare;n.ro impianti sollevamento acque chiare e nere;1;REALE;Sorgente: Matrice Consistenze 2026;DOCUMENTO MANCANTE
2;Via Don Orione 2;Via Don Orione 2;76.1;G1;Pompe di sollevamento acque nere e chiare;n.ro impianti sollevamento acque chiare e nere;1;REALE;Sorgente: Matrice Consistenze 2026;DOCUMENTO MANCANTE
TBD;Via Rugabella 4/6;TBD;76.1;G1;Pompe di sollevamento acque nere e chiare;n.ro impianti sollevamento acque chiare e nere;2;REALE;Sorgente: Matrice Consistenze 2026;DOCUMENTO MANCANTE
5;Via Sassi 4;Via Sassi 4;76.1;G1;Pompe di sollevamento acque nere e chiare;n.ro impianti sollevamento acque chiare e nere;1;REALE;Sorgente: Matrice Consistenze 2026;DOCUMENTO MANCANTE
5;Via Sassi 4;Via Sassi 4;76.1;G1;Pompe di sollevamento acque nere e chiare;n.ro impianti sollevamento acque chiare e nere;2;REALE;Sorgente: Matrice Consistenze 2026;DOCUMENTO MANCANTE
8;Via Livigno 3;Via Livigno 3;76.1;G1;Pompe di sollevamento acque nere e chiare;n.ro impianti sollevamento acque chiare e nere;1;REALE;Sorgente: Matrice Consistenze 2026;DOCUMENTO MANCANTE
1;Via Doria 52;Via Andrea Doria 52;80.1;G2.01.01;Cancelli e sbarre motorizzati;n.ro cancelli e sbarre motorizzate;1;REALE;Sorgente: Matrice Consistenze 2026;DOCUMENTO MANCANTE
2;Via Don Orione 2;Via Don Orione 2;80.1;G2.01.01;Cancelli e sbarre motorizzati;n.ro cancelli e sbarre motorizzate;2;REALE;Sorgente: Matrice Consistenze 2026;DOCUMENTO MANCANTE
3;Via Farini 9;Via Carlo Farini 9;80.1;G2.01.01;Cancelli e sbarre motorizzati;n.ro cancelli e sbarre motorizzate;1;REALE;Sorgente: Matrice Consistenze 2026;DOCUMENTO MANCANTE
TBD;Via Rugabella 4/6;TBD;80.1;G2.01.01;Cancelli e sbarre motorizzati;n.ro cancelli e sbarre motorizzate;1;REALE;Sorgente: Matrice Consistenze 2026;DOCUMENTO MANCANTE
5;Via Sassi 4;Via Sassi 4;80.1;G2.01.01;Cancelli e sbarre motorizzati;n.ro cancelli e sbarre motorizzate;1;REALE;Sorgente: Matrice Consistenze 2026;DOCUMENTO MANCANTE
5;Via Sassi 4;Via Sassi 4;80.1;G2.01.01;Cancelli e sbarre motorizzati;n.ro cancelli e sbarre motorizzate;1;REALE;Sorgente: Matrice Consistenze 2026;DOCUMENTO MANCANTE
7;Viale Jenner 44;Viale Jenner 44;80.1;G2.01.01;Cancelli e sbarre motorizzati;n.ro cancelli e sbarre motorizzate;1;REALE;Sorgente: Matrice Consistenze 2026;DOCUMENTO MANCANTE
