Ubicazione Prevalente,Tipologia Impianto,Asset / Apparecchiatura,QuantitÃ  Totale,Frequenza Manutentiva,FM,Riferimento Normativo,Note di Verifica / Prescrizioni,Data Ultimo Intervento,Data Scadenza
Via A. Doria 52,ANTINCENDIO,Estintori,54,Semestrale,6,"UNI 9994-1, DPR 151/11","Verificare pressione, carica e integritÃ .",,
Via A. Doria 52,ANTINCENDIO,Porte Tagliafuoco / REI,90,Semestrale,6,DM 10/03/98,Verifica integritÃ  guarnizioni.,,
Via A. Doria 52,ANTINCENDIO,Idranti / Naspi,21,Semestrale,6,UNI 10779,Prova di portata e pressione.,,
Via A. Doria 52,ANTINCENDIO,Rilevazione Fumi,4055 m2,Semestrale,6,UNI 11224,Test dei rilevatori.,,
Via A. Doria 52,ANTINCENDIO,Illum. Emergenza,1374 m2,Semestrale,6,UNI EN 1838,Test di autonomia.,,
Via A. Doria 52,ANTINCENDIO,Centrale Pressurizzazione,0,Settimanale / Mensile,1,UNI EN 12845,Avviamento pompe,,
Via A. Doria 52,ELETTRICI,Quadri e Distribuzione,4075 m2,Annuale,12,CEI 64-8,Pulizia carpenteria.,,
Via A. Doria 52,ELETTRICI,Locali Uso Medico (G1/G2),43,Annuale/Semestrale,,CEI 64-8/7-710,Prova differenziali.,,
Via A. Doria 52,ELETTRICI,Impianto Terra / Scariche,4075 m2,Biennale,24,DPR 462/01,Misura resistenza terra.,,
Via A. Doria 52,ELETTRICI,Rifasatori,0,Semestrale,6,Norme CEI,Misura del Cos,,
Via A. Doria 52,ELEVATORI,Elevatori (1-5 piani),1,Mensile / Semestrale,1,DPR 162/99,Verifica sicurezze.,,
Via A. Doria 52,ELEVATORI,Elevatori (6-10 piani),3,Mensile / Semestrale,1,DPR 162/99,Lubrificazione organi.,,
Via A. Doria 52,ELEVATORI,Servoscala,0,Semestrale,6,DPR 162/99,Verifica dispositivi.,,
Via A. Doria 52,MECCANICI,Caldaie (36-350 kW),2,Mensile/Trimestrale,1,DPR 74/13,Analisi combustione.,,
Via A. Doria 52,MECCANICI,Caldaie (>350 kW),0,Settimanale,6,DPR 74/13,Controllo pressione.,,
Via A. Doria 52,MECCANICI,Gruppi Frigo / Chiller,1,Mensile / Trimestrale,,Reg. (UE) 517,Ricerca perdite.,,
Via A. Doria 52,MECCANICI,UTA (Trattamento Aria),1,Trimestrale,3,Linee Guida,Sostituzione filtri.,,
Via A. Doria 52,MECCANICI,Addolcitori,1,Settimanale/Mensile,1,DM 25/12,Verifica durezza.,,
Via A. Doria 52,MECCANICI,Produttori Biossido Cloro,1,Settimanale,,Linee Guida,Dosaggio continuo.,,
Via A. Doria 52,MECCANICI,Pompe Sollevamento,1,Mensile,1,D.Lgs 81/08,Verifica galleggianti.,,
Via A. Doria 52,MECCANICI,Distribuzione impianti idronici e sottocentrali,4075 m2,Annuale,12,Norme Tecniche,Manutenzione,,
Via A. Doria 52,MECCANICI,Ventilconvettori,0,Annuale,12,Linee Guida,Pulizia filtri,,
Via A. Doria 52,MECCANICI,Condizionatori tipo split/VRV/carrellabili,4,Annuale,12,Linee Guida,Sanificazione,,
Via A. Doria 52,MECCANICI,"Canali di distribuzione, ripresa, serrande",3715 m2,Annuale,12,Linee Guida,Pulizia condotte,,
Via A. Doria 52,MECCANICI,Distribuzione idrico sanitaria,4075 m2,Annuale,12,D.Lgs 31/01,Verifiche perdite,,
Via A. Doria 52,MECCANICI,Centrali idriche (Vasche),1,Mensile,1,D.Lgs 31/01,Controllo vasche,,
Via A. Doria 52,MECCANICI,Prove della legionella della rete idrico-sanitaria,3,Annuale,12,Linee Guida,Prelievi,,
Via A. Doria 52,EDILE,Cancelli e sbarre motorizzati,1,Semestrale,6,D.Lgs 81/08,Sicurezze,,
Via A. Doria 52,EDILE,Porte automatiche e portoni sezionali,2,Semestrale,6,D.Lgs 81/08,Sicurezze,,
Via Don Orione 2,ANTINCENDIO,Estintori,35,Semestrale,6,"UNI 9994-1, DPR 151/11","Verificare pressione, carica e integritÃ .",,
Via Don Orione 2,ANTINCENDIO,Porte Tagliafuoco / REI,36,Semestrale,6,DM 10/03/98,Verifica integritÃ  guarnizioni.,,
Via Don Orione 2,ANTINCENDIO,Idranti / Naspi,22,Semestrale,6,UNI 10779,Prova di portata e pressione.,,
Via Don Orione 2,ANTINCENDIO,Rilevazione Fumi,2882 m2,Semestrale,6,UNI 11224,Test dei rilevatori.,,
Via Don Orione 2,ANTINCENDIO,Illum. Emergenza,1133 m2,Semestrale,6,UNI EN 1838,Test di autonomia.,,
Via Don Orione 2,ANTINCENDIO,Centrale Pressurizzazione,0,Settimanale / Mensile,,UNI EN 12845,Avviamento pompe,,
Via Don Orione 2,ELETTRICI,Quadri e Distribuzione,2967 m2,Annuale,12,CEI 64-8,Pulizia carpenteria.,,
Via Don Orione 2,ELETTRICI,Locali Uso Medico (G1/G2),23,Annuale/Semestrale,,CEI 64-8/7-710,Prova differenziali.,,
Via Don Orione 2,ELETTRICI,Impianto Terra / Scariche,2967 m2,Biennale,24,DPR 462/01,Misura resistenza terra.,,
Via Don Orione 2,ELETTRICI,Rifasatori,0,Semestrale,6,Norme CEI,Misura del Cos,,
Via Don Orione 2,ELEVATORI,Elevatori (1-5 piani),2,Mensile / Semestrale,,DPR 162/99,Verifica sicurezze.,,
Via Don Orione 2,ELEVATORI,Elevatori (6-10 piani),0,Mensile / Semestrale,,DPR 162/99,Lubrificazione organi.,,
Via Don Orione 2,ELEVATORI,Servoscala,1,Semestrale,6,DPR 162/99,Verifica dispositivi.,,
Via Don Orione 2,MECCANICI,Caldaie (36-350 kW),4,Mensile/Trimestrale,,DPR 74/13,Analisi combustione.,,
Via Don Orione 2,MECCANICI,Caldaie (>350 kW),0,Settimanale,6,DPR 74/13,Controllo pressione.,,
Via Don Orione 2,MECCANICI,Gruppi Frigo / Chiller,2,Mensile / Trimestrale,,Reg. (UE) 517,Ricerca perdite.,,
Via Don Orione 2,MECCANICI,UTA (Trattamento Aria),2,Trimestrale,3,Linee Guida,Sostituzione filtri.,,
Via Don Orione 2,MECCANICI,Addolcitori,1,Settimanale/Mensile,,DM 25/12,Verifica durezza.,,
Via Don Orione 2,MECCANICI,Produttori Biossido Cloro,1,Settimanale,,Linee Guida,Dosaggio continuo.,,
Via Don Orione 2,MECCANICI,Pompe Sollevamento,1,Mensile,1,D.Lgs 81/08,Verifica galleggianti.,,
Via Don Orione 2,MECCANICI,Distribuzione impianti idronici e sottocentrali,2967 m2,Annuale,12,Norme Tecniche,Manutenzione,,
Via Don Orione 2,MECCANICI,Ventilconvettori,0,Annuale,12,Linee Guida,Pulizia filtri,,
Via Don Orione 2,MECCANICI,Condizionatori tipo split/VRV/carrellabili,0,Annuale,12,Linee Guida,Sanificazione,,
Via Don Orione 2,MECCANICI,"Canali di distribuzione, ripresa, serrande",2412 m2,Annuale,12,Linee Guida,Pulizia condotte,,
Via Don Orione 2,MECCANICI,Distribuzione idrico sanitaria,2967 m2,Annuale,12,D.Lgs 31/01,Verifiche perdite,,
Via Don Orione 2,MECCANICI,Centrali idriche (Vasche),0,Mensile,1,D.Lgs 31/01,Controllo vasche,,
Via Don Orione 2,MECCANICI,Prove della legionella della rete idrico-sanitaria,3,Annuale,12,Linee Guida,Prelievi,,
Via Don Orione 2,EDILE,Cancelli e sbarre motorizzati,0,Semestrale,6,D.Lgs 81/08,Sicurezze,,
Via Don Orione 2,EDILE,Porte automatiche e portoni sezionali,1,Semestrale,6,D.Lgs 81/08,Sicurezze,,
Via Farini 9,ANTINCENDIO,Estintori,65,Semestrale,6,"UNI 9994-1, DPR 151/11","Verificare pressione, carica e integritÃ .",,
Via Farini 9,ANTINCENDIO,Porte Tagliafuoco / REI,59,Semestrale,6,DM 10/03/98,Verifica integritÃ  guarnizioni.,,
Via Farini 9,ANTINCENDIO,Idranti / Naspi,18,Semestrale,6,UNI 10779,Prova di portata e pressione.,,
Via Farini 9,ANTINCENDIO,Rilevazione Fumi,5580 m2,Semestrale,6,UNI 11224,Test dei rilevatori.,,
Via Farini 9,ANTINCENDIO,Illum. Emergenza,1399 m2,Semestrale,6,UNI EN 1838,Test di autonomia.,,
Via Farini 9,ANTINCENDIO,Centrale Pressurizzazione,0,Settimanale / Mensile,,UNI EN 12845,Avviamento pompe,,
Via Farini 9,ELETTRICI,Quadri e Distribuzione,5958 m2,Annuale,12,CEI 64-8,Pulizia carpenteria.,,
Via Farini 9,ELETTRICI,Locali Uso Medico (G1/G2),32,Annuale/Semestrale,,CEI 64-8/7-710,Prova differenziali.,,
Via Farini 9,ELETTRICI,Impianto Terra / Scariche,5958 m2,Biennale,24,DPR 462/01,Misura resistenza terra.,,
Via Farini 9,ELETTRICI,Rifasatori,0,Semestrale,6,Norme CEI,Misura del Cos,,
Via Farini 9,ELEVATORI,Elevatori (1-5 piani),3,Mensile / Semestrale,,DPR 162/99,Verifica sicurezze.,,
Via Farini 9,ELEVATORI,Elevatori (6-10 piani),1,Mensile / Semestrale,,DPR 162/99,Lubrificazione organi.,,
Via Farini 9,ELEVATORI,Servoscala,0,Semestrale,6,DPR 162/99,Verifica dispositivi.,,
Via Farini 9,MECCANICI,Caldaie (36-350 kW),0,Mensile/Trimestrale,,DPR 74/13,Analisi combustione.,,
Via Farini 9,MECCANICI,Caldaie (>350 kW),2,Settimanale,6,DPR 74/13,Controllo pressione.,,
Via Farini 9,MECCANICI,Gruppi Frigo / Chiller,1,Mensile / Trimestrale,,Reg. (UE) 517,Ricerca perdite.,,
Via Farini 9,MECCANICI,UTA (Trattamento Aria),1,Trimestrale,3,Linee Guida,Sostituzione filtri.,,
Via Farini 9,MECCANICI,Addolcitori,1,Settimanale/Mensile,,DM 25/12,Verifica durezza.,,
Via Farini 9,MECCANICI,Produttori Biossido Cloro,1,Settimanale,,Linee Guida,Dosaggio continuo.,,
Via Farini 9,MECCANICI,Pompe Sollevamento,0,Mensile,1,D.Lgs 81/08,Verifica galleggianti.,,
Via Farini 9,MECCANICI,Distribuzione impianti idronici e sottocentrali,5958 m2,Annuale,12,Norme Tecniche,Manutenzione,,
Via Farini 9,MECCANICI,Ventilconvettori,0,Annuale,12,Linee Guida,Pulizia filtri,,
Via Farini 9,MECCANICI,Condizionatori tipo split/VRV/carrellabili,11,Annuale,12,Linee Guida,Sanificazione,,
Via Farini 9,MECCANICI,"Canali di distribuzione, ripresa, serrande",2410 m2,Annuale,12,Linee Guida,Pulizia condotte,,
Via Farini 9,MECCANICI,Distribuzione idrico sanitaria,5958 m2,Annuale,12,D.Lgs 31/01,Verifiche perdite,,
Via Farini 9,MECCANICI,Centrali idriche (Vasche),1,Mensile,1,D.Lgs 31/01,Controllo vasche,,
Via Farini 9,MECCANICI,Prove della legionella della rete idrico-sanitaria,3,Annuale,12,Linee Guida,Prelievi,,
Via Farini 9,EDILE,Cancelli e sbarre motorizzati,1,Semestrale,6,D.Lgs 81/08,Sicurezze,,
Via Farini 9,EDILE,Porte automatiche e portoni sezionali,0,Semestrale,6,D.Lgs 81/08,Sicurezze,,
Via Rugabella 4/6,ANTINCENDIO,Estintori,58,Semestrale,6,"UNI 9994-1, DPR 151/11","Verificare pressione, carica e integritÃ .",,
Via Rugabella 4/6,ANTINCENDIO,Porte Tagliafuoco / REI,43,Semestrale,6,DM 10/03/98,Verifica integritÃ  guarnizioni.,,
Via Rugabella 4/6,ANTINCENDIO,Idranti / Naspi,26,Semestrale,6,UNI 10779,Prova di portata e pressione.,,
Via Rugabella 4/6,ANTINCENDIO,Rilevazione Fumi,4068 m2,Semestrale,6,UNI 11224,Test dei rilevatori.,,
Via Rugabella 4/6,ANTINCENDIO,Illum. Emergenza,1470 m2,Semestrale,6,UNI EN 1838,Test di autonomia.,,
Via Rugabella 4/6,ANTINCENDIO,Centrale Pressurizzazione,1,Settimanale / Mensile,,UNI EN 12845,Avviamento pompe,,
Via Rugabella 4/6,ELETTRICI,Quadri e Distribuzione,4088 m2,Annuale,12,CEI 64-8,Pulizia carpenteria.,,
Via Rugabella 4/6,ELETTRICI,Locali Uso Medico (G1/G2),22,Annuale/Semestrale,,CEI 64-8/7-710,Prova differenziali.,,
Via Rugabella 4/6,ELETTRICI,Impianto Terra / Scariche,4088 m2,Biennale,24,DPR 462/01,Misura resistenza terra.,,
Via Rugabella 4/6,ELETTRICI,Rifasatori,1,Semestrale,6,Norme CEI,Misura del Cos,,
Via Rugabella 4/6,ELEVATORI,Elevatori (1-5 piani),0,Mensile / Semestrale,,DPR 162/99,Verifica sicurezze.,,
Via Rugabella 4/6,ELEVATORI,Elevatori (6-10 piani),2,Mensile / Semestrale,,DPR 162/99,Lubrificazione organi.,,
Via Rugabella 4/6,ELEVATORI,Servoscala,0,Semestrale,6,DPR 162/99,Verifica dispositivi.,,
Via Rugabella 4/6,MECCANICI,Caldaie (36-350 kW),4,Mensile/Trimestrale,,DPR 74/13,Analisi combustione.,,
Via Rugabella 4/6,MECCANICI,Caldaie (>350 kW),0,Settimanale,6,DPR 74/13,Controllo pressione.,,
Via Rugabella 4/6,MECCANICI,Gruppi Frigo / Chiller,1,Mensile / Trimestrale,,Reg. (UE) 517,Ricerca perdite.,,
Via Rugabella 4/6,MECCANICI,UTA (Trattamento Aria),3,Trimestrale,3,Linee Guida,Sostituzione filtri.,,
Via Rugabella 4/6,MECCANICI,Addolcitori,2,Settimanale/Mensile,,DM 25/12,Verifica durezza.,,
Via Rugabella 4/6,MECCANICI,Produttori Biossido Cloro,1,Settimanale,,Linee Guida,Dosaggio continuo.,,
Via Rugabella 4/6,MECCANICI,Pompe Sollevamento,2,Mensile,1,D.Lgs 81/08,Verifica galleggianti.,,
Via Rugabella 4/6,MECCANICI,Distribuzione impianti idronici e sottocentrali,4088 m2,Annuale,12,Norme Tecniche,Manutenzione,,
Via Rugabella 4/6,MECCANICI,Ventilconvettori,10,Annuale,12,Linee Guida,Pulizia filtri,,
Via Rugabella 4/6,MECCANICI,Condizionatori tipo split/VRV/carrellabili,5,Annuale,12,Linee Guida,Sanificazione,,
Via Rugabella 4/6,MECCANICI,"Canali di distribuzione, ripresa, serrande",3312 m2,Annuale,12,Linee Guida,Pulizia condotte,,
Via Rugabella 4/6,MECCANICI,Distribuzione idrico sanitaria,4088 m2,Annuale,12,D.Lgs 31/01,Verifiche perdite,,
Via Rugabella 4/6,MECCANICI,Centrali idriche (Vasche),1,Mensile,1,D.Lgs 31/01,Controllo vasche,,
Via Rugabella 4/6,MECCANICI,Prove della legionella della rete idrico-sanitaria,3,Annuale,12,Linee Guida,Prelievi,,
Via Rugabella 4/6,EDILE,Cancelli e sbarre motorizzati,1,Semestrale,6,D.Lgs 81/08,Sicurezze,,
Via Rugabella 4/6,EDILE,Porte automatiche e portoni sezionali,0,Semestrale,6,D.Lgs 81/08,Sicurezze,,
Via A. Sassi 4,ANTINCENDIO,Estintori,7,Semestrale,6,"UNI 9994-1, DPR 151/11","Verificare pressione, carica e integritÃ .",,
Via A. Sassi 4,ANTINCENDIO,Porte Tagliafuoco / REI,2,Semestrale,6,DM 10/03/98,Verifica integritÃ  guarnizioni.,,
Via A. Sassi 4,ANTINCENDIO,Idranti / Naspi,0,Semestrale,6,UNI 10779,Prova di portata e pressione.,,
Via A. Sassi 4,ANTINCENDIO,Rilevazione Fumi,520 m2,Semestrale,6,UNI 11224,Test dei rilevatori.,,
Via A. Sassi 4,ANTINCENDIO,Illum. Emergenza,158 m2,Semestrale,6,UNI EN 1838,Test di autonomia.,,
Via A. Sassi 4,ANTINCENDIO,Centrale Pressurizzazione,0,Settimanale / Mensile,,UNI EN 12845,Avviamento pompe,,
Via A. Sassi 4,ELETTRICI,Quadri e Distribuzione,523 m2,Annuale,12,CEI 64-8,Pulizia carpenteria.,,
Via A. Sassi 4,ELETTRICI,Locali Uso Medico (G1/G2),8,Annuale/Semestrale,,CEI 64-8/7-710,Prova differenziali.,,
Via A. Sassi 4,ELETTRICI,Impianto Terra / Scariche,523 m2,Biennale,24,DPR 462/01,Misura resistenza terra.,,
Via A. Sassi 4,ELETTRICI,Rifasatori,0,Semestrale,6,Norme CEI,Misura del Cos,,
Via A. Sassi 4,ELEVATORI,Elevatori (1-5 piani),2,Mensile / Semestrale,,DPR 162/99,Verifica sicurezze.,,
Via A. Sassi 4,ELEVATORI,Elevatori (6-10 piani),0,Mensile / Semestrale,,DPR 162/99,Lubrificazione organi.,,
Via A. Sassi 4,ELEVATORI,Servoscala,0,Semestrale,6,DPR 162/99,Verifica dispositivi.,,
Via A. Sassi 4,MECCANICI,Caldaie (36-350 kW),1,Mensile/Trimestrale,,DPR 74/13,Analisi combustione.,,
Via A. Sassi 4,MECCANICI,Caldaie (>350 kW),0,Settimanale,6,DPR 74/13,Controllo pressione.,,
Via A. Sassi 4,MECCANICI,Gruppi Frigo / Chiller,0,Mensile / Trimestrale,,Reg. (UE) 517,Ricerca perdite.,,
Via A. Sassi 4,MECCANICI,UTA (Trattamento Aria),0,Trimestrale,3,Linee Guida,Sostituzione filtri.,,
Via A. Sassi 4,MECCANICI,Addolcitori,0,Settimanale/Mensile,,DM 25/12,Verifica durezza.,,
Via A. Sassi 4,MECCANICI,Produttori Biossido Cloro,1,Settimanale,,Linee Guida,Dosaggio continuo.,,
Via A. Sassi 4,MECCANICI,Pompe Sollevamento,1,Mensile,1,D.Lgs 81/08,Verifica galleggianti.,,
Via A. Sassi 4,MECCANICI,Distribuzione impianti idronici e sottocentrali,523 m2,Annuale,12,Norme Tecniche,Manutenzione,,
Via A. Sassi 4,MECCANICI,Ventilconvettori,0,Annuale,12,Linee Guida,Pulizia filtri,,
Via A. Sassi 4,MECCANICI,Condizionatori tipo split/VRV/carrellabili,6,Annuale,12,Linee Guida,Sanificazione,,
Via A. Sassi 4,MECCANICI,"Canali di distribuzione, ripresa, serrande",0,Annuale,12,Linee Guida,Pulizia condotte,,
Via A. Sassi 4,MECCANICI,Distribuzione idrico sanitaria,523 m2,Annuale,12,D.Lgs 31/01,Verifiche perdite,,
Via A. Sassi 4,MECCANICI,Centrali idriche (Vasche),0,Mensile,1,D.Lgs 31/01,Controllo vasche,,
Via A. Sassi 4,MECCANICI,Prove della legionella della rete idrico-sanitaria,3,Annuale,12,Linee Guida,Prelievi,,
Via A. Sassi 4,EDILE,Cancelli e sbarre motorizzati,1,Semestrale,6,D.Lgs 81/08,Sicurezze,,
Via A. Sassi 4,EDILE,Porte automatiche e portoni sezionali,0,Semestrale,6,D.Lgs 81/08,Sicurezze,,
^Via Sassi 4 P.ssa Jolanda,ANTINCENDIO,Estintori,40,Semestrale,6,"UNI 9994-1, DPR 151/11","Verificare pressione, carica e integritÃ .",,
^Via Sassi 4 P.ssa Jolanda,ANTINCENDIO,Porte Tagliafuoco / REI,0,Semestrale,6,DM 10/03/98,Verifica integritÃ  guarnizioni.,,
^Via Sassi 4 P.ssa Jolanda,ANTINCENDIO,Idranti / Naspi,0,Semestrale,6,UNI 10779,Prova di portata e pressione.,,
^Via Sassi 4 P.ssa Jolanda,ANTINCENDIO,Rilevazione Fumi,4650 m2,Semestrale,6,UNI 11224,Test dei rilevatori.,,
^Via Sassi 4 P.ssa Jolanda,ANTINCENDIO,Illum. Emergenza,4650 m2,Semestrale,6,UNI EN 1838,Test di autonomia.,,
^Via Sassi 4 P.ssa Jolanda,ANTINCENDIO,Centrale Pressurizzazione,0,Settimanale / Mensile,,UNI EN 12845,Avviamento pompe,,
^Via Sassi 4 P.ssa Jolanda,ELETTRICI,Quadri e Distribuzione,4650 m2,Annuale,12,CEI 64-8,Pulizia carpenteria.,,
^Via Sassi 4 P.ssa Jolanda,ELETTRICI,Locali Uso Medico (G1/G2),34,Annuale/Semestrale,,CEI 64-8/7-710,Prova differenziali.,,
^Via Sassi 4 P.ssa Jolanda,ELETTRICI,Impianto Terra / Scariche,4650 m2,Biennale,24,DPR 462/01,Misura resistenza terra.,,
^Via Sassi 4 P.ssa Jolanda,ELETTRICI,Rifasatori,0,Semestrale,6,Norme CEI,Misura del Cos,,
^Via Sassi 4 P.ssa Jolanda,ELEVATORI,Elevatori (1-5 piani),3,Mensile / Semestrale,,DPR 162/99,Verifica sicurezze.,,
^Via Sassi 4 P.ssa Jolanda,ELEVATORI,Elevatori (6-10 piani),0,Mensile / Semestrale,,DPR 162/99,Lubrificazione organi.,,
^Via Sassi 4 P.ssa Jolanda,ELEVATORI,Servoscala,0,Semestrale,6,DPR 162/99,Verifica dispositivi.,,
^Via Sassi 4 P.ssa Jolanda,MECCANICI,Caldaie (36-350 kW),0,Mensile/Trimestrale,,DPR 74/13,Analisi combustione.,,
^Via Sassi 4 P.ssa Jolanda,MECCANICI,Caldaie (>350 kW),0,Settimanale,6,DPR 74/13,Controllo pressione.,,
^Via Sassi 4 P.ssa Jolanda,MECCANICI,Gruppi Frigo / Chiller,0,Mensile / Trimestrale,,Reg. (UE) 517,Ricerca perdite.,,
^Via Sassi 4 P.ssa Jolanda,MECCANICI,UTA (Trattamento Aria),0,Trimestrale,3,Linee Guida,Sostituzione filtri.,,
^Via Sassi 4 P.ssa Jolanda,MECCANICI,Addolcitori,0,Settimanale/Mensile,,DM 25/12,Verifica durezza.,,
^Via Sassi 4 P.ssa Jolanda,MECCANICI,Produttori Biossido Cloro,0,Settimanale,,Linee Guida,Dosaggio continuo.,,
^Via Sassi 4 P.ssa Jolanda,MECCANICI,Pompe Sollevamento,2,Mensile,1,D.Lgs 81/08,Verifica galleggianti.,,
^Via Sassi 4 P.ssa Jolanda,MECCANICI,Distribuzione impianti idronici e sottocentrali,4650 m2,Annuale,12,Norme Tecniche,Manutenzione,,
^Via Sassi 4 P.ssa Jolanda,MECCANICI,Ventilconvettori,0,Annuale,12,Linee Guida,Pulizia filtri,,
^Via Sassi 4 P.ssa Jolanda,MECCANICI,Condizionatori tipo split/VRV/carrellabili,1,Annuale,12,Linee Guida,Sanificazione,,
^Via Sassi 4 P.ssa Jolanda,MECCANICI,"Canali di distribuzione, ripresa, serrande",0,Annuale,12,Linee Guida,Pulizia condotte,,
^Via Sassi 4 P.ssa Jolanda,MECCANICI,Distribuzione idrico sanitaria,4650 m2,Annuale,12,D.Lgs 31/01,Verifiche perdite,,
^Via Sassi 4 P.ssa Jolanda,MECCANICI,Centrali idriche (Vasche),0,Mensile,1,D.Lgs 31/01,Controllo vasche,,
^Via Sassi 4 P.ssa Jolanda,MECCANICI,Prove della legionella della rete idrico-sanitaria,10,Annuale,12,Linee Guida,Prelievi,,
^Via Sassi 4 P.ssa Jolanda,EDILE,Cancelli e sbarre motorizzati,1,Semestrale,6,D.Lgs 81/08,Sicurezze,,
^Via Sassi 4 P.ssa Jolanda,EDILE,Porte automatiche e portoni sezionali,1,Semestrale,6,D.Lgs 81/08,Sicurezze,,
V.le Jenner 44,ANTINCENDIO,Estintori,3,Semestrale,6,"UNI 9994-1, DPR 151/11","Verificare pressione, carica e integritÃ .",,
V.le Jenner 44,ANTINCENDIO,Porte Tagliafuoco / REI,4,Semestrale,6,DM 10/03/98,Verifica integritÃ  guarnizioni.,,
V.le Jenner 44,ANTINCENDIO,Idranti / Naspi,0,Semestrale,6,UNI 10779,Prova di portata e pressione.,,
V.le Jenner 44,ANTINCENDIO,Rilevazione Fumi,295 m2,Semestrale,6,UNI 11224,Test dei rilevatori.,,
V.le Jenner 44,ANTINCENDIO,Illum. Emergenza,295 m2,Semestrale,6,UNI EN 1838,Test di autonomia.,,
V.le Jenner 44,ANTINCENDIO,Centrale Pressurizzazione,0,Settimanale / Mensile,,UNI EN 12845,Avviamento pompe,,
V.le Jenner 44,ELETTRICI,Quadri e Distribuzione,295 m2,Annuale,12,CEI 64-8,Pulizia carpenteria.,,
V.le Jenner 44,ELETTRICI,Locali Uso Medico (G1/G2),0,Annuale/Semestrale,,CEI 64-8/7-710,Prova differenziali.,,
V.le Jenner 44,ELETTRICI,Impianto Terra / Scariche,295 m2,Biennale,24,DPR 462/01,Misura resistenza terra.,,
V.le Jenner 44,ELETTRICI,Rifasatori,0,Semestrale,6,Norme CEI,Misura del Cos,,
V.le Jenner 44,ELEVATORI,Elevatori (1-5 piani),1,Mensile / Semestrale,,DPR 162/99,Verifica sicurezze.,,
V.le Jenner 44,ELEVATORI,Elevatori (6-10 piani),0,Mensile / Semestrale,,DPR 162/99,Lubrificazione organi.,,
V.le Jenner 44,ELEVATORI,Servoscala,0,Semestrale,6,DPR 162/99,Verifica dispositivi.,,
V.le Jenner 44,MECCANICI,Caldaie (36-350 kW),1,Mensile/Trimestrale,,DPR 74/13,Analisi combustione.,,
V.le Jenner 44,MECCANICI,Caldaie (>350 kW),0,Settimanale,6,DPR 74/13,Controllo pressione.,,
V.le Jenner 44,MECCANICI,Gruppi Frigo / Chiller,0,Mensile / Trimestrale,,Reg. (UE) 517,Ricerca perdite.,,
V.le Jenner 44,MECCANICI,UTA (Trattamento Aria),0,Trimestrale,3,Linee Guida,Sostituzione filtri.,,
V.le Jenner 44,MECCANICI,Addolcitori,1,Settimanale/Mensile,,DM 25/12,Verifica durezza.,,
V.le Jenner 44,MECCANICI,Produttori Biossido Cloro,0,Settimanale,,Linee Guida,Dosaggio continuo.,,
V.le Jenner 44,MECCANICI,Pompe Sollevamento,0,Mensile,1,D.Lgs 81/08,Verifica galleggianti.,,
V.le Jenner 44,MECCANICI,Distribuzione impianti idronici e sottocentrali,295 m2,Annuale,12,Norme Tecniche,Manutenzione,,
V.le Jenner 44,MECCANICI,Ventilconvettori,0,Annuale,12,Linee Guida,Pulizia filtri,,
V.le Jenner 44,MECCANICI,Condizionatori tipo split/VRV/carrellabili,1,Annuale,12,Linee Guida,Sanificazione,,
V.le Jenner 44,MECCANICI,"Canali di distribuzione, ripresa, serrande",0,Annuale,12,Linee Guida,Pulizia condotte,,
V.le Jenner 44,MECCANICI,Distribuzione idrico sanitaria,295 m2,Annuale,12,D.Lgs 31/01,Verifiche perdite,,
V.le Jenner 44,MECCANICI,Centrali idriche (Vasche),0,Mensile,1,D.Lgs 31/01,Controllo vasche,,
V.le Jenner 44,MECCANICI,Prove della legionella della rete idrico-sanitaria,3,Annuale,12,Linee Guida,Prelievi,,
V.le Jenner 44,EDILE,Cancelli e sbarre motorizzati,1,Semestrale,6,D.Lgs 81/08,Sicurezze,,
V.le Jenner 44,EDILE,Porte automatiche e portoni sezionali,0,Semestrale,6,D.Lgs 81/08,Sicurezze,,
Via Livigno 3,ANTINCENDIO,Estintori,11,Semestrale,6,"UNI 9994-1, DPR 151/11","Verificare pressione, carica e integritÃ .",,
Via Livigno 3,ANTINCENDIO,Porte Tagliafuoco / REI,0,Semestrale,6,DM 10/03/98,Verifica integritÃ  guarnizioni.,,
Via Livigno 3,ANTINCENDIO,Idranti / Naspi,0,Semestrale,6,UNI 10779,Prova di portata e pressione.,,
Via Livigno 3,ANTINCENDIO,Rilevazione Fumi,446 m2,Semestrale,6,UNI 11224,Test dei rilevatori.,,
Via Livigno 3,ANTINCENDIO,Illum. Emergenza,446 m2,Semestrale,6,UNI EN 1838,Test di autonomia.,,
Via Livigno 3,ANTINCENDIO,Centrale Pressurizzazione,0,Settimanale / Mensile,,UNI EN 12845,Avviamento pompe,,
Via Livigno 3,ELETTRICI,Quadri e Distribuzione,446 m2,Annuale,12,CEI 64-8,Pulizia carpenteria.,,
Via Livigno 3,ELETTRICI,Locali Uso Medico (G1/G2),0,Annuale/Semestrale,,CEI 64-8/7-710,Prova differenziali.,,
Via Livigno 3,ELETTRICI,Impianto Terra / Scariche,446 m2,Biennale,24,DPR 462/01,Misura resistenza terra.,,
Via Livigno 3,ELETTRICI,Rifasatori,0,Semestrale,6,Norme CEI,Misura del Cos,,
Via Livigno 3,ELEVATORI,Elevatori (1-5 piani),1,Mensile / Semestrale,,DPR 162/99,Verifica sicurezze.,,
Via Livigno 3,ELEVATORI,Elevatori (6-10 piani),0,Mensile / Semestrale,,DPR 162/99,Lubrificazione organi.,,
Via Livigno 3,ELEVATORI,Servoscala,0,Semestrale,6,DPR 162/99,Verifica dispositivi.,,
Via Livigno 3,MECCANICI,Caldaie (36-350 kW),3,Mensile/Trimestrale,,DPR 74/13,Analisi combustione.,,
Via Livigno 3,MECCANICI,Caldaie (>350 kW),0,Settimanale,6,DPR 74/13,Controllo pressione.,,
Via Livigno 3,MECCANICI,Gruppi Frigo / Chiller,0,Mensile / Trimestrale,,Reg. (UE) 517,Ricerca perdite.,,
Via Livigno 3,MECCANICI,UTA (Trattamento Aria),0,Trimestrale,3,Linee Guida,Sostituzione filtri.,,
Via Livigno 3,MECCANICI,Addolcitori,0,Settimanale/Mensile,,DM 25/12,Verifica durezza.,,
Via Livigno 3,MECCANICI,Produttori Biossido Cloro,0,Settimanale,,Linee Guida,Dosaggio continuo.,,
Via Livigno 3,MECCANICI,Pompe Sollevamento,1,Mensile,1,D.Lgs 81/08,Verifica galleggianti.,,
Via Livigno 3,MECCANICI,Distribuzione impianti idronici e sottocentrali,446 m2,Annuale,12,Norme Tecniche,Manutenzione,,
Via Livigno 3,MECCANICI,Ventilconvettori,0,Annuale,12,Linee Guida,Pulizia filtri,,
Via Livigno 3,MECCANICI,Condizionatori tipo split/VRV/carrellabili,1,Annuale,12,Linee Guida,Sanificazione,,
Via Livigno 3,MECCANICI,"Canali di distribuzione, ripresa, serrande",0,Annuale,12,Linee Guida,Pulizia condotte,,
Via Livigno 3,MECCANICI,Distribuzione idrico sanitaria,446 m2,Annuale,12,D.Lgs 31/01,Verifiche perdite,,
Via Livigno 3,MECCANICI,Centrali idriche (Vasche),0,Mensile,1,D.Lgs 31/01,Controllo vasche,,
Via Livigno 3,MECCANICI,Prove della legionella della rete idrico-sanitaria,3,Annuale,12,Linee Guida,Prelievi,,
Via Livigno 3,EDILE,Cancelli e sbarre motorizzati,0,Semestrale,6,D.Lgs 81/08,Sicurezze,,
Via Livigno 3,EDILE,Porte automatiche e portoni sezionali,0,Semestrale,6,D.Lgs 81/08,Sicurezze,,
ANTINCENDIO,Estintori,2,Via Calvairate 1,Semestrale,6,"UNI 9994-1, DPR 151/11","Verificare pressione, carica e integritÃ .",,
ANTINCENDIO,Porte Tagliafuoco / REI,7,Via Calvairate 1,Semestrale,6,DM 10/03/98,Verifica integritÃ  guarnizioni.,,
ANTINCENDIO,Idranti / Naspi,0,Via Calvairate 1,Semestrale,6,UNI 10779,Prova di portata e pressione.,,
ANTINCENDIO,Rilevazione Fumi,106 m2,Via Calvairate 1,Semestrale,6,UNI 11224,Test dei rilevatori.,,
ANTINCENDIO,Illum. Emergenza,106 m2,Via Calvairate 1,Semestrale,6,UNI EN 1838,Test di autonomia.,,
ANTINCENDIO,Centrale Pressurizzazione,0,Via Calvairate 1,Settimanale / Mensile,,UNI EN 12845,Avviamento pompe,,
ELETTRICI,Quadri e Distribuzione,106 m2,Via Calvairate 1,Annuale,12,CEI 64-8,Pulizia carpenteria.,,
ELETTRICI,Locali Uso Medico (G1/G2),2,Via Calvairate 1,Annuale/Semestrale,,CEI 64-8/7-710,Prova differenziali.,,
ELETTRICI,Impianto Terra / Scariche,106 m2,Via Calvairate 1,Biennale,24,DPR 462/01,Misura resistenza terra.,,
ELETTRICI,Rifasatori,0,Via Calvairate 1,Semestrale,6,Norme CEI,Misura del Cos,,
ELEVATORI,Elevatori (1-5 piani),0,Via Calvairate 1,Mensile / Semestrale,,DPR 162/99,Verifica sicurezze.,,
ELEVATORI,Elevatori (6-10 piani),0,Via Calvairate 1,Mensile / Semestrale,,DPR 162/99,Lubrificazione organi.,,
ELEVATORI,Servoscala,0,Via Calvairate 1,Semestrale,6,DPR 162/99,Verifica dispositivi.,,
MECCANICI,Caldaie (36-350 kW),0,Via Calvairate 1,Mensile/Trimestrale,,DPR 74/13,Analisi combustione.,,
MECCANICI,Caldaie (>350 kW),0,Via Calvairate 1,Settimanale,6,DPR 74/13,Controllo pressione.,,
MECCANICI,Gruppi Frigo / Chiller,0,Via Calvairate 1,Mensile / Trimestrale,,Reg. (UE) 517,Ricerca perdite.,,
MECCANICI,UTA (Trattamento Aria),4,Via Calvairate 1,Trimestrale,3,Linee Guida,Sostituzione filtri.,,
MECCANICI,Addolcitori,0,Via Calvairate 1,Settimanale/Mensile,,DM 25/12,Verifica durezza.,,
MECCANICI,Produttori Biossido Cloro,0,Via Calvairate 1,Settimanale,,Linee Guida,Dosaggio continuo.,,
MECCANICI,Pompe Sollevamento,0,Via Calvairate 1,Mensile,1,D.Lgs 81/08,Verifica galleggianti.,,
MECCANICI,Distribuzione impianti idronici e sottocentrali,106 m2,Via Calvairate 1,Annuale,12,Norme Tecniche,Manutenzione,,
MECCANICI,Ventilconvettori,0,Via Calvairate 1,Annuale,12,Linee Guida,Pulizia filtri,,
MECCANICI,Condizionatori tipo split/VRV/carrellabili,0,Via Calvairate 1,Annuale,12,Linee Guida,Sanificazione,,
MECCANICI,"Canali di distribuzione, ripresa, serrande",0,Via Calvairate 1,Annuale,12,Linee Guida,Pulizia condotte,,
MECCANICI,Distribuzione idrico sanitaria,106 m2,Via Calvairate 1,Annuale,12,D.Lgs 31/01,Verifiche perdite,,
MECCANICI,Centrali idriche (Vasche),0,Via Calvairate 1,Mensile,1,D.Lgs 31/01,Controllo vasche,,
MECCANICI,Prove della legionella della rete idrico-sanitaria,3,Via Calvairate 1,Annuale,12,Linee Guida,Prelievi,,
EDILE,Cancelli e sbarre motorizzati,0,Via Calvairate 1,Semestrale,6,D.Lgs 81/08,Sicurezze,,
EDILE,Porte automatiche e portoni sezionali,0,Via Calvairate 1,Semestrale,6,D.Lgs 81/08,Sicurezze,,
ANTINCENDIO,Estintori,1,Via Polesine 6,Semestrale,6,"UNI 9994-1, DPR 151/11","Verificare pressione, carica e integritÃ .",,
ANTINCENDIO,Porte Tagliafuoco / REI,3,Via Polesine 6,Semestrale,6,DM 10/03/98,Verifica integritÃ  guarnizioni.,,
ANTINCENDIO,Idranti / Naspi,0,Via Polesine 6,Semestrale,6,UNI 10779,Prova di portata e pressione.,,
ANTINCENDIO,Rilevazione Fumi,82 m2,Via Polesine 6,Semestrale,6,UNI 11224,Test dei rilevatori.,,
ANTINCENDIO,Illum. Emergenza,82 m2,Via Polesine 6,Semestrale,6,UNI EN 1838,Test di autonomia.,,
ANTINCENDIO,Centrale Pressurizzazione,0,Via Polesine 6,Settimanale / Mensile,,UNI EN 12845,Avviamento pompe,,
ELETTRICI,Quadri e Distribuzione,82 m2,Via Polesine 6,Annuale,12,CEI 64-8,Pulizia carpenteria.,,
ELETTRICI,Locali Uso Medico (G1/G2),1,Via Polesine 6,Annuale/Semestrale,,CEI 64-8/7-710,Prova differenziali.,,
ELETTRICI,Impianto Terra / Scariche,82 m2,Via Polesine 6,Biennale,24,DPR 462/01,Misura resistenza terra.,,
ELETTRICI,Rifasatori,0,Via Polesine 6,Semestrale,6,Norme CEI,Misura del Cos,,
ELEVATORI,Elevatori (1-5 piani),0,Via Polesine 6,Mensile / Semestrale,,DPR 162/99,Verifica sicurezze.,,
ELEVATORI,Elevatori (6-10 piani),0,Via Polesine 6,Mensile / Semestrale,,DPR 162/99,Lubrificazione organi.,,
ELEVATORI,Servoscala,0,Via Polesine 6,Semestrale,6,DPR 162/99,Verifica dispositivi.,,
MECCANICI,Caldaie (36-350 kW),0,Via Polesine 6,Mensile/Trimestrale,,DPR 74/13,Analisi combustione.,,
MECCANICI,Caldaie (>350 kW),0,Via Polesine 6,Settimanale,6,DPR 74/13,Controllo pressione.,,
MECCANICI,Gruppi Frigo / Chiller,0,Via Polesine 6,Mensile / Trimestrale,,Reg. (UE) 517,Ricerca perdite.,,
MECCANICI,UTA (Trattamento Aria),2,Via Polesine 6,Trimestrale,3,Linee Guida,Sostituzione filtri.,,
MECCANICI,Addolcitori,0,Via Polesine 6,Settimanale/Mensile,,DM 25/12,Verifica durezza.,,
MECCANICI,Produttori Biossido Cloro,0,Via Polesine 6,Settimanale,,Linee Guida,Dosaggio continuo.,,
MECCANICI,Pompe Sollevamento,0,Via Polesine 6,Mensile,1,D.Lgs 81/08,Verifica galleggianti.,,
MECCANICI,Distribuzione impianti idronici e sottocentrali,82 m2,Via Polesine 6,Annuale,12,Norme Tecniche,Manutenzione,,
MECCANICI,Ventilconvettori,0,Via Polesine 6,Annuale,12,Linee Guida,Pulizia filtri,,
MECCANICI,Condizionatori tipo split/VRV/carrellabili,0,Via Polesine 6,Annuale,12,Linee Guida,Sanificazione,,
MECCANICI,"Canali di distribuzione, ripresa, serrande",0,Via Polesine 6,Annuale,12,Linee Guida,Pulizia condotte,,
MECCANICI,Distribuzione idrico sanitaria,82 m2,Via Polesine 6,Annuale,12,D.Lgs 31/01,Verifiche perdite,,
MECCANICI,Centrali idriche (Vasche),0,Via Polesine 6,Mensile,1,D.Lgs 31/01,Controllo vasche,,
MECCANICI,Prove della legionella della rete idrico-sanitaria,3,Via Polesine 6,Annuale,12,Linee Guida,Prelievi,,
EDILE,Cancelli e sbarre motorizzati,0,Via Polesine 6,Semestrale,6,D.Lgs 81/08,Sicurezze,,
EDILE,Porte automatiche e portoni sezionali,0,Via Polesine 6,Semestrale,6,D.Lgs 81/08,Sicurezze,,
ANTINCENDIO,Estintori,6,Via Adriano,Semestrale,6,"UNI 9994-1, DPR 151/11","Verificare pressione, carica e integritÃ .",,
ANTINCENDIO,Porte Tagliafuoco / REI,0,Via Adriano,Semestrale,6,DM 10/03/98,Verifica integritÃ  guarnizioni.,,
ANTINCENDIO,Idranti / Naspi,0,Via Adriano,Semestrale,6,UNI 10779,Prova di portata e pressione.,,
ANTINCENDIO,Rilevazione Fumi,575 m2,Via Adriano,Semestrale,6,UNI 11224,Test dei rilevatori.,,
ANTINCENDIO,Illum. Emergenza,575 m2,Via Adriano,Semestrale,6,UNI EN 1838,Test di autonomia.,,
ANTINCENDIO,Centrale Pressurizzazione,0,Via Adriano,Settimanale / Mensile,,UNI EN 12845,Avviamento pompe,,
ELETTRICI,Quadri e Distribuzione,575 m2,Via Adriano,Annuale,12,CEI 64-8,Pulizia carpenteria.,,
ELETTRICI,Locali Uso Medico (G1/G2),0,Via Adriano,Annuale/Semestrale,,CEI 64-8/7-710,Prova differenziali.,,
ELETTRICI,Impianto Terra / Scariche,0,Via Adriano,Biennale,24,DPR 462/01,Misura resistenza terra.,,
ELETTRICI,Rifasatori,0,Via Adriano,Semestrale,6,Norme CEI,Misura del Cos,,
ELEVATORI,Elevatori (1-5 piani),0,Via Adriano,Mensile / Semestrale,,DPR 162/99,Verifica sicurezze.,,
ELEVATORI,Elevatori (6-10 piani),0,Via Adriano,Mensile / Semestrale,,DPR 162/99,Lubrificazione organi.,,
ELEVATORI,Servoscala,0,Via Adriano,Semestrale,6,DPR 162/99,Verifica dispositivi.,,
MECCANICI,Caldaie (36-350 kW),0,Via Adriano,Mensile/Trimestrale,,DPR 74/13,Analisi combustione.,,
MECCANICI,Caldaie (>350 kW),0,Via Adriano,Settimanale,6,DPR 74/13,Controllo pressione.,,
MECCANICI,Gruppi Frigo / Chiller,0,Via Adriano,Mensile / Trimestrale,,Reg. (UE) 517,Ricerca perdite.,,
MECCANICI,UTA (Trattamento Aria),0,Via Adriano,Trimestrale,3,Linee Guida,Sostituzione filtri.,,
MECCANICI,Addolcitori,0,Via Adriano,Settimanale/Mensile,,DM 25/12,Verifica durezza.,,
MECCANICI,Produttori Biossido Cloro,0,Via Adriano,Settimanale,,Linee Guida,Dosaggio continuo.,,
MECCANICI,Pompe Sollevamento,0,Via Adriano,Mensile,1,D.Lgs 81/08,Verifica galleggianti.,,
MECCANICI,Distribuzione impianti idronici e sottocentrali,0,Via Adriano,Annuale,12,Norme Tecniche,Manutenzione,,
MECCANICI,Ventilconvettori,0,Via Adriano,Annuale,12,Linee Guida,Pulizia filtri,,
MECCANICI,Condizionatori tipo split/VRV/carrellabili,0,Via Adriano,Annuale,12,Linee Guida,Sanificazione,,
MECCANICI,"Canali di distribuzione, ripresa, serrande",0,Via Adriano,Annuale,12,Linee Guida,Pulizia condotte,,
MECCANICI,Distribuzione idrico sanitaria,0,Via Adriano,Annuale,12,D.Lgs 31/01,Verifiche perdite,,
MECCANICI,Centrali idriche (Vasche),0,Via Adriano,Mensile,1,D.Lgs 31/01,Controllo vasche,,
MECCANICI,Prove della legionella della rete idrico-sanitaria,0,Via Adriano,Annuale,12,Linee Guida,Prelievi,,
EDILE,Cancelli e sbarre motorizzati,0,Via Adriano,Semestrale,6,D.Lgs 81/08,Sicurezze,,
EDILE,Porte automatiche e portoni sezionali,0,Via Adriano,Semestrale,6,D.Lgs 81/08,Sicurezze,,
ANTINCENDIO,Estintori,6,POT Bollate,Semestrale,6,"UNI 9994-1, DPR 151/11","Verificare pressione, carica e integritÃ .",,
ANTINCENDIO,Porte Tagliafuoco / REI,6,POT Bollate,Semestrale,6,DM 10/03/98,Verifica integritÃ  guarnizioni.,,
ANTINCENDIO,Idranti / Naspi,1,POT Bollate,Semestrale,6,UNI 10779,Prova di portata e pressione.,,
ANTINCENDIO,Rilevazione Fumi,1831 m2,POT Bollate,Semestrale,6,UNI 11224,Test dei rilevatori.,,
ANTINCENDIO,Illum. Emergenza,1831 m2,POT Bollate,Semestrale,6,UNI EN 1838,Test di autonomia.,,
ANTINCENDIO,Centrale Pressurizzazione,1,POT Bollate,Settimanale / Mensile,,UNI EN 12845,Avviamento pompe,,
ELETTRICI,Quadri e Distribuzione,1831 m2,POT Bollate,Annuale,12,CEI 64-8,Pulizia carpenteria.,,
ELETTRICI,Locali Uso Medico (G1/G2),5,POT Bollate,Annuale/Semestrale,,CEI 64-8/7-710,Prova differenziali.,,
ELETTRICI,Impianto Terra / Scariche,1831 m2,POT Bollate,Biennale,24,DPR 462/01,Misura resistenza terra.,,
ELETTRICI,Rifasatori,0,POT Bollate,Semestrale,6,Norme CEI,Misura del Cos,,
ELEVATORI,Elevatori (1-5 piani),0,POT Bollate,Mensile / Semestrale,,DPR 162/99,Verifica sicurezze.,,
ELEVATORI,Elevatori (6-10 piani),0,POT Bollate,Mensile / Semestrale,,DPR 162/99,Lubrificazione organi.,,
ELEVATORI,Servoscala,0,POT Bollate,Semestrale,6,DPR 162/99,Verifica dispositivi.,,
MECCANICI,Caldaie (36-350 kW),0,POT Bollate,Mensile/Trimestrale,,DPR 74/13,Analisi combustione.,,
MECCANICI,Caldaie (>350 kW),0,POT Bollate,Settimanale,6,DPR 74/13,Controllo pressione.,,
MECCANICI,Gruppi Frigo / Chiller,0,POT Bollate,Mensile / Trimestrale,,Reg. (UE) 517,Ricerca perdite.,,
MECCANICI,UTA (Trattamento Aria),26,POT Bollate,Trimestrale,3,Linee Guida,Sostituzione filtri.,,
MECCANICI,Addolcitori,0,POT Bollate,Settimanale/Mensile,,DM 25/12,Verifica durezza.,,
MECCANICI,Produttori Biossido Cloro,0,POT Bollate,Settimanale,,Linee Guida,Dosaggio continuo.,,
MECCANICI,Pompe Sollevamento,0,POT Bollate,Mensile,1,D.Lgs 81/08,Verifica galleggianti.,,
MECCANICI,Distribuzione impianti idronici e sottocentrali,1831 m2,POT Bollate,Annuale,12,Norme Tecniche,Manutenzione,,
MECCANICI,Ventilconvettori,0,POT Bollate,Annuale,12,Linee Guida,Pulizia filtri,,
MECCANICI,Condizionatori tipo split/VRV/carrellabili,0,POT Bollate,Annuale,12,Linee Guida,Sanificazione,,
MECCANICI,"Canali di distribuzione, ripresa, serrande",0,POT Bollate,Annuale,12,Linee Guida,Pulizia condotte,,
MECCANICI,Distribuzione idrico sanitaria,1831 m2,POT Bollate,Annuale,12,D.Lgs 31/01,Verifiche perdite,,
MECCANICI,Centrali idriche (Vasche),0,POT Bollate,Mensile,1,D.Lgs 31/01,Controllo vasche,,
MECCANICI,Prove della legionella della rete idrico-sanitaria,2,POT Bollate,Annuale,12,Linee Guida,Prelievi,,
EDILE,Cancelli e sbarre motorizzati,0,POT Bollate,Semestrale,6,D.Lgs 81/08,Sicurezze,,
EDILE,Porte automatiche e portoni sezionali,0,POT Bollate,Semestrale,6,D.Lgs 81/08,Sicurezze,,
ANTINCENDIO,Estintori,21,Legnano,Semestrale,6,"UNI 9994-1, DPR 151/11","Verificare pressione, carica e integritÃ .",,
ANTINCENDIO,Porte Tagliafuoco / REI,0,Legnano,Semestrale,6,DM 10/03/98,Verifica integritÃ  guarnizioni.,,
ANTINCENDIO,Idranti / Naspi,0,Legnano,Semestrale,6,UNI 10779,Prova di portata e pressione.,,
ANTINCENDIO,Rilevazione Fumi,4855 m2,Legnano,Semestrale,6,UNI 11224,Test dei rilevatori.,,
ANTINCENDIO,Illum. Emergenza,4855 m2,Legnano,Semestrale,6,UNI EN 1838,Test di autonomia.,,
ANTINCENDIO,Centrale Pressurizzazione,0,Legnano,Settimanale / Mensile,,UNI EN 12845,Avviamento pompe,,
ELETTRICI,Quadri e Distribuzione,4855 m2,Legnano,Annuale,12,CEI 64-8,Pulizia carpenteria.,,
ELETTRICI,Locali Uso Medico (G1/G2),0,Legnano,Annuale/Semestrale,,CEI 64-8/7-710,Prova differenziali.,,
ELETTRICI,Impianto Terra / Scariche,0,Legnano,Biennale,24,DPR 462/01,Misura resistenza terra.,,
ELETTRICI,Rifasatori,0,Legnano,Semestrale,6,Norme CEI,Misura del Cos,,
ELEVATORI,Elevatori (1-5 piani),0,Legnano,Mensile / Semestrale,,DPR 162/99,Verifica sicurezze.,,
ELEVATORI,Elevatori (6-10 piani),0,Legnano,Mensile / Semestrale,,DPR 162/99,Lubrificazione organi.,,
ELEVATORI,Servoscala,0,Legnano,Semestrale,6,DPR 162/99,Verifica dispositivi.,,
MECCANICI,Caldaie (36-350 kW),0,Legnano,Mensile/Trimestrale,,DPR 74/13,Analisi combustione.,,
MECCANICI,Caldaie (>350 kW),0,Legnano,Settimanale,6,DPR 74/13,Controllo pressione.,,
MECCANICI,Gruppi Frigo / Chiller,0,Legnano,Mensile / Trimestrale,,Reg. (UE) 517,Ricerca perdite.,,
MECCANICI,UTA (Trattamento Aria),0,Legnano,Trimestrale,3,Linee Guida,Sostituzione filtri.,,
MECCANICI,Addolcitori,0,Legnano,Settimanale/Mensile,,DM 25/12,Verifica durezza.,,
MECCANICI,Produttori Biossido Cloro,0,Legnano,Settimanale,,Linee Guida,Dosaggio continuo.,,
MECCANICI,Pompe Sollevamento,0,Legnano,Mensile,1,D.Lgs 81/08,Verifica galleggianti.,,
MECCANICI,Distribuzione impianti idronici e sottocentrali,0,Legnano,Annuale,12,Norme Tecniche,Manutenzione,,
MECCANICI,Ventilconvettori,0,Legnano,Annuale,12,Linee Guida,Pulizia filtri,,
MECCANICI,Condizionatori tipo split/VRV/carrellabili,0,Legnano,Annuale,12,Linee Guida,Sanificazione,,
MECCANICI,"Canali di distribuzione, ripresa, serrande",0,Legnano,Annuale,12,Linee Guida,Pulizia condotte,,
MECCANICI,Distribuzione idrico sanitaria,0,Legnano,Annuale,12,D.Lgs 31/01,Verifiche perdite,,
MECCANICI,Centrali idriche (Vasche),0,Legnano,Mensile,1,D.Lgs 31/01,Controllo vasche,,
MECCANICI,Prove della legionella della rete idrico-sanitaria,0,Legnano,Annuale,12,Linee Guida,Prelievi,,
EDILE,Cancelli e sbarre motorizzati,0,Legnano,Semestrale,6,D.Lgs 81/08,Sicurezze,,
EDILE,Porte automatiche e portoni sezionali,0,Legnano,Semestrale,6,D.Lgs 81/08,Sicurezze,,
ANTINCENDIO,Estintori,40,viale Piceno 60,Semestrale,6,"UNI 9994-1, DPR 151/11","Verificare pressione, carica e integritÃ .",,
ANTINCENDIO,Porte Tagliafuoco / REI,0,viale Piceno 60,Semestrale,6,DM 10/03/98,Verifica integritÃ  guarnizioni.,,
ANTINCENDIO,Idranti / Naspi,1,viale Piceno 60,Semestrale,6,UNI 10779,Prova di portata e pressione.,,
ANTINCENDIO,Rilevazione Fumi,1095 m2,viale Piceno 60,Semestrale,6,UNI 11224,Test dei rilevatori.,,
ANTINCENDIO,Illum. Emergenza,1095 m2,viale Piceno 60,Semestrale,6,UNI EN 1838,Test di autonomia.,,
ANTINCENDIO,Centrale Pressurizzazione,0,viale Piceno 60,Settimanale / Mensile,,UNI EN 12845,Avviamento pompe,,
ELETTRICI,Quadri e Distribuzione,1095 m2,viale Piceno 60,Annuale,12,CEI 64-8,Pulizia carpenteria.,,
ELETTRICI,Locali Uso Medico (G1/G2),0,viale Piceno 60,Annuale/Semestrale,,CEI 64-8/7-710,Prova differenziali.,,
ELETTRICI,Impianto Terra / Scariche,1095 m2,viale Piceno 60,Biennale,24,DPR 462/01,Misura resistenza terra.,,
ELETTRICI,Rifasatori,0,viale Piceno 60,Semestrale,6,Norme CEI,Misura del Cos,,
ELEVATORI,Elevatori (1-5 piani),2,viale Piceno 60,Mensile / Semestrale,,DPR 162/99,Verifica sicurezze.,,
ELEVATORI,Elevatori (6-10 piani),0,viale Piceno 60,Mensile / Semestrale,,DPR 162/99,Lubrificazione organi.,,
ELEVATORI,Servoscala,0,viale Piceno 60,Semestrale,6,DPR 162/99,Verifica dispositivi.,,
MECCANICI,Caldaie (36-350 kW),0,viale Piceno 60,Mensile/Trimestrale,,DPR 74/13,Analisi combustione.,,
MECCANICI,Caldaie (>350 kW),0,viale Piceno 60,Settimanale,6,DPR 74/13,Controllo pressione.,,
MECCANICI,Gruppi Frigo / Chiller,0,viale Piceno 60,Mensile / Trimestrale,,Reg. (UE) 517,Ricerca perdite.,,
MECCANICI,UTA (Trattamento Aria),0,viale Piceno 60,Trimestrale,3,Linee Guida,Sostituzione filtri.,,
MECCANICI,Addolcitori,0,viale Piceno 60,Settimanale/Mensile,,DM 25/12,Verifica durezza.,,
MECCANICI,Produttori Biossido Cloro,0,viale Piceno 60,Settimanale,,Linee Guida,Dosaggio continuo.,,
MECCANICI,Pompe Sollevamento,1,viale Piceno 60,Mensile,1,D.Lgs 81/08,Verifica galleggianti.,,
MECCANICI,Distribuzione impianti idronici e sottocentrali,1095 m2,viale Piceno 60,Annuale,12,Norme Tecniche,Manutenzione,,
MECCANICI,Ventilconvettori,0,viale Piceno 60,Annuale,12,Linee Guida,Pulizia filtri,,
MECCANICI,Condizionatori tipo split/VRV/carrellabili,0,viale Piceno 60,Annuale,12,Linee Guida,Sanificazione,,
MECCANICI,"Canali di distribuzione, ripresa, serrande",0,viale Piceno 60,Annuale,12,Linee Guida,Pulizia condotte,,
MECCANICI,Distribuzione idrico sanitaria,1095 m2,viale Piceno 60,Annuale,12,D.Lgs 31/01,Verifiche perdite,,
MECCANICI,Centrali idriche (Vasche),0,viale Piceno 60,Mensile,1,D.Lgs 31/01,Controllo vasche,,
MECCANICI,Prove della legionella della rete idrico-sanitaria,2,viale Piceno 60,Annuale,12,Linee Guida,Prelievi,,
EDILE,Cancelli e sbarre motorizzati,0,viale Piceno 60,Semestrale,6,D.Lgs 81/08,Sicurezze,,
EDILE,Porte automatiche e portoni sezionali,0,viale Piceno 60,Semestrale,6,D.Lgs 81/08,Sicurezze,,
ANTINCENDIO,Estintori,7,via Clericetti 22,Semestrale,6,"UNI 9994-1, DPR 151/11","Verificare pressione, carica e integritÃ .",,
ANTINCENDIO,Porte Tagliafuoco / REI,8,via Clericetti 22,Semestrale,6,DM 10/03/98,Verifica integritÃ  guarnizioni.,,
ANTINCENDIO,Idranti / Naspi,0,via Clericetti 22,Semestrale,6,UNI 10779,Prova di portata e pressione.,,
ANTINCENDIO,Rilevazione Fumi,564 m2,via Clericetti 22,Semestrale,6,UNI 11224,Test dei rilevatori.,,
ANTINCENDIO,Illum. Emergenza,564 m2,via Clericetti 22,Semestrale,6,UNI EN 1838,Test di autonomia.,,
ANTINCENDIO,Centrale Pressurizzazione,0,via Clericetti 22,Settimanale / Mensile,,UNI EN 12845,Avviamento pompe,,
ELETTRICI,Quadri e Distribuzione,564 m2,via Clericetti 22,Annuale,12,CEI 64-8,Pulizia carpenteria.,,
ELETTRICI,Locali Uso Medico (G1/G2),0,via Clericetti 22,Annuale/Semestrale,,CEI 64-8/7-710,Prova differenziali.,,
ELETTRICI,Impianto Terra / Scariche,564 m2,via Clericetti 22,Biennale,24,DPR 462/01,Misura resistenza terra.,,
ELETTRICI,Rifasatori,0,via Clericetti 22,Semestrale,6,Norme CEI,Misura del Cos,,
ELEVATORI,Elevatori (1-5 piani),0,via Clericetti 22,Mensile / Semestrale,,DPR 162/99,Verifica sicurezze.,,
ELEVATORI,Elevatori (6-10 piani),0,via Clericetti 22,Mensile / Semestrale,,DPR 162/99,Lubrificazione organi.,,
ELEVATORI,Servoscala,0,via Clericetti 22,Semestrale,6,DPR 162/99,Verifica dispositivi.,,
MECCANICI,Caldaie (36-350 kW),0,via Clericetti 22,Mensile/Trimestrale,,DPR 74/13,Analisi combustione.,,
MECCANICI,Caldaie (>350 kW),0,via Clericetti 22,Settimanale,6,DPR 74/13,Controllo pressione.,,
MECCANICI,Gruppi Frigo / Chiller,0,via Clericetti 22,Mensile / Trimestrale,,Reg. (UE) 517,Ricerca perdite.,,
MECCANICI,UTA (Trattamento Aria),0,via Clericetti 22,Trimestrale,3,Linee Guida,Sostituzione filtri.,,
MECCANICI,Addolcitori,0,via Clericetti 22,Settimanale/Mensile,,DM 25/12,Verifica durezza.,,
MECCANICI,Produttori Biossido Cloro,0,via Clericetti 22,Settimanale,,Linee Guida,Dosaggio continuo.,,
MECCANICI,Pompe Sollevamento,0,via Clericetti 22,Mensile,1,D.Lgs 81/08,Verifica galleggianti.,,
MECCANICI,Distribuzione impianti idronici e sottocentrali,564 m2,via Clericetti 22,Annuale,12,Norme Tecniche,Manutenzione,,
MECCANICI,Ventilconvettori,0,via Clericetti 22,Annuale,12,Linee Guida,Pulizia filtri,,
MECCANICI,Condizionatori tipo split/VRV/carrellabili,0,via Clericetti 22,Annuale,12,Linee Guida,Sanificazione,,
MECCANICI,"Canali di distribuzione, ripresa, serrande",0,via Clericetti 22,Annuale,12,Linee Guida,Pulizia condotte,,
MECCANICI,Distribuzione idrico sanitaria,564 m2,via Clericetti 22,Annuale,12,D.Lgs 31/01,Verifiche perdite,,
MECCANICI,Centrali idriche (Vasche),0,via Clericetti 22,Mensile,1,D.Lgs 31/01,Controllo vasche,,
MECCANICI,Prove della legionella della rete idrico-sanitaria,2,via Clericetti 22,Annuale,12,Linee Guida,Prelievi,,
EDILE,Cancelli e sbarre motorizzati,0,via Clericetti 22,Semestrale,6,D.Lgs 81/08,Sicurezze,,
EDILE,Porte automatiche e portoni sezionali,0,via Clericetti 22,Semestrale,6,D.Lgs 81/08,Sicurezze,,
ANTINCENDIO,Estintori,4,via Don Bosco 14,Semestrale,6,"UNI 9994-1, DPR 151/11","Verificare pressione, carica e integritÃ .",,
ANTINCENDIO,Porte Tagliafuoco / REI,3,via Don Bosco 14,Semestrale,6,DM 10/03/98,Verifica integritÃ  guarnizioni.,,
ANTINCENDIO,Idranti / Naspi,0,via Don Bosco 14,Semestrale,6,UNI 10779,Prova di portata e pressione.,,
ANTINCENDIO,Rilevazione Fumi,311 m2,via Don Bosco 14,Semestrale,6,UNI 11224,Test dei rilevatori.,,
ANTINCENDIO,Illum. Emergenza,311 m2,via Don Bosco 14,Semestrale,6,UNI EN 1838,Test di autonomia.,,
ANTINCENDIO,Centrale Pressurizzazione,0,via Don Bosco 14,Settimanale / Mensile,,UNI EN 12845,Avviamento pompe,,
ELETTRICI,Quadri e Distribuzione,311 m2,via Don Bosco 14,Annuale,12,CEI 64-8,Pulizia carpenteria.,,
ELETTRICI,Locali Uso Medico (G1/G2),0,via Don Bosco 14,Annuale/Semestrale,,CEI 64-8/7-710,Prova differenziali.,,
ELETTRICI,Impianto Terra / Scariche,311 m2,via Don Bosco 14,Biennale,24,DPR 462/01,Misura resistenza terra.,,
ELETTRICI,Rifasatori,0,via Don Bosco 14,Semestrale,6,Norme CEI,Misura del Cos,,
ELEVATORI,Elevatori (1-5 piani),0,via Don Bosco 14,Mensile / Semestrale,,DPR 162/99,Verifica sicurezze.,,
ELEVATORI,Elevatori (6-10 piani),0,via Don Bosco 14,Mensile / Semestrale,,DPR 162/99,Lubrificazione organi.,,
ELEVATORI,Servoscala,0,via Don Bosco 14,Semestrale,6,DPR 162/99,Verifica dispositivi.,,
MECCANICI,Caldaie (36-350 kW),1,via Don Bosco 14,Mensile/Trimestrale,,DPR 74/13,Analisi combustione.,,
MECCANICI,Caldaie (>350 kW),0,via Don Bosco 14,Settimanale,6,DPR 74/13,Controllo pressione.,,
MECCANICI,Gruppi Frigo / Chiller,0,via Don Bosco 14,Mensile / Trimestrale,,Reg. (UE) 517,Ricerca perdite.,,
MECCANICI,UTA (Trattamento Aria),0,via Don Bosco 14,Trimestrale,3,Linee Guida,Sostituzione filtri.,,
MECCANICI,Addolcitori,0,via Don Bosco 14,Settimanale/Mensile,,DM 25/12,Verifica durezza.,,
MECCANICI,Produttori Biossido Cloro,0,via Don Bosco 14,Settimanale,,Linee Guida,Dosaggio continuo.,,
MECCANICI,Pompe Sollevamento,0,via Don Bosco 14,Mensile,1,D.Lgs 81/08,Verifica galleggianti.,,
MECCANICI,Distribuzione impianti idronici e sottocentrali,311 m2,via Don Bosco 14,Annuale,12,Norme Tecniche,Manutenzione,,
MECCANICI,Ventilconvettori,0,via Don Bosco 14,Annuale,12,Linee Guida,Pulizia filtri,,
MECCANICI,Condizionatori tipo split/VRV/carrellabili,0,via Don Bosco 14,Annuale,12,Linee Guida,Sanificazione,,
MECCANICI,"Canali di distribuzione, ripresa, serrande",0,via Don Bosco 14,Annuale,12,Linee Guida,Pulizia condotte,,
MECCANICI,Distribuzione idrico sanitaria,311 m2,via Don Bosco 14,Annuale,12,D.Lgs 31/01,Verifiche perdite,,
MECCANICI,Centrali idriche (Vasche),0,via Don Bosco 14,Mensile,1,D.Lgs 31/01,Controllo vasche,,
MECCANICI,Prove della legionella della rete idrico-sanitaria,2,via Don Bosco 14,Annuale,12,Linee Guida,Prelievi,,
EDILE,Cancelli e sbarre motorizzati,0,via Don Bosco 14,Semestrale,6,D.Lgs 81/08,Sicurezze,,
EDILE,Porte automatiche e portoni sezionali,0,via Don Bosco 14,Semestrale,6,D.Lgs 81/08,Sicurezze,,
ANTINCENDIO,Estintori,9,via Fantoli 7 Poliamb.,Semestrale,6,"UNI 9994-1, DPR 151/11","Verificare pressione, carica e integritÃ .",,
ANTINCENDIO,Porte Tagliafuoco / REI,11,via Fantoli 7 Poliamb.,Semestrale,6,DM 10/03/98,Verifica integritÃ  guarnizioni.,,
ANTINCENDIO,Idranti / Naspi,2,via Fantoli 7 Poliamb.,Semestrale,6,UNI 10779,Prova di portata e pressione.,,
ANTINCENDIO,Rilevazione Fumi,1154 m2,via Fantoli 7 Poliamb.,Semestrale,6,UNI 11224,Test dei rilevatori.,,
ANTINCENDIO,Illum. Emergenza,1154 m2,via Fantoli 7 Poliamb.,Semestrale,6,UNI EN 1838,Test di autonomia.,,
ANTINCENDIO,Centrale Pressurizzazione,0,via Fantoli 7 Poliamb.,Settimanale / Mensile,,UNI EN 12845,Avviamento pompe,,
ELETTRICI,Quadri e Distribuzione,1154 m2,via Fantoli 7 Poliamb.,Annuale,12,CEI 64-8,Pulizia carpenteria.,,
ELETTRICI,Locali Uso Medico (G1/G2),11,via Fantoli 7 Poliamb.,Annuale/Semestrale,,CEI 64-8/7-710,Prova differenziali.,,
ELETTRICI,Impianto Terra / Scariche,1154 m2,via Fantoli 7 Poliamb.,Biennale,24,DPR 462/01,Misura resistenza terra.,,
ELETTRICI,Rifasatori,0,via Fantoli 7 Poliamb.,Semestrale,6,Norme CEI,Misura del Cos,,
ELEVATORI,Elevatori (1-5 piani),0,via Fantoli 7 Poliamb.,Mensile / Semestrale,,DPR 162/99,Verifica sicurezze.,,
ELEVATORI,Elevatori (6-10 piani),0,via Fantoli 7 Poliamb.,Mensile / Semestrale,,DPR 162/99,Lubrificazione organi.,,
ELEVATORI,Servoscala,0,via Fantoli 7 Poliamb.,Semestrale,6,DPR 162/99,Verifica dispositivi.,,
MECCANICI,Caldaie (36-350 kW),0,via Fantoli 7 Poliamb.,Mensile/Trimestrale,,DPR 74/13,Analisi combustione.,,
MECCANICI,Caldaie (>350 kW),0,via Fantoli 7 Poliamb.,Settimanale,6,DPR 74/13,Controllo pressione.,,
MECCANICI,Gruppi Frigo / Chiller,0,via Fantoli 7 Poliamb.,Mensile / Trimestrale,,Reg. (UE) 517,Ricerca perdite.,,
MECCANICI,UTA (Trattamento Aria),0,via Fantoli 7 Poliamb.,Trimestrale,3,Linee Guida,Sostituzione filtri.,,
MECCANICI,Addolcitori,0,via Fantoli 7 Poliamb.,Settimanale/Mensile,,DM 25/12,Verifica durezza.,,
MECCANICI,Produttori Biossido Cloro,0,via Fantoli 7 Poliamb.,Settimanale,,Linee Guida,Dosaggio continuo.,,
MECCANICI,Pompe Sollevamento,0,via Fantoli 7 Poliamb.,Mensile,1,D.Lgs 81/08,Verifica galleggianti.,,
MECCANICI,Distribuzione impianti idronici e sottocentrali,1154 m2,via Fantoli 7 Poliamb.,Annuale,12,Norme Tecniche,Manutenzione,,
MECCANICI,Ventilconvettori,0,via Fantoli 7 Poliamb.,Annuale,12,Linee Guida,Pulizia filtri,,
MECCANICI,Condizionatori tipo split/VRV/carrellabili,0,via Fantoli 7 Poliamb.,Annuale,12,Linee Guida,Sanificazione,,
MECCANICI,"Canali di distribuzione, ripresa, serrande",0,via Fantoli 7 Poliamb.,Annuale,12,Linee Guida,Pulizia condotte,,
MECCANICI,Distribuzione idrico sanitaria,1154 m2,via Fantoli 7 Poliamb.,Annuale,12,D.Lgs 31/01,Verifiche perdite,,
MECCANICI,Centrali idriche (Vasche),0,via Fantoli 7 Poliamb.,Mensile,1,D.Lgs 31/01,Controllo vasche,,
MECCANICI,Prove della legionella della rete idrico-sanitaria,2,via Fantoli 7 Poliamb.,Annuale,12,Linee Guida,Prelievi,,
EDILE,Cancelli e sbarre motorizzati,0,via Fantoli 7 Poliamb.,Semestrale,6,D.Lgs 81/08,Sicurezze,,
EDILE,Porte automatiche e portoni sezionali,0,via Fantoli 7 Poliamb.,Semestrale,6,D.Lgs 81/08,Sicurezze,,
ANTINCENDIO,Estintori,2,via Monte Palombino 4,Semestrale,6,"UNI 9994-1, DPR 151/11","Verificare pressione, carica e integritÃ .",,
ANTINCENDIO,Porte Tagliafuoco / REI,2,via Monte Palombino 4,Semestrale,6,DM 10/03/98,Verifica integritÃ  guarnizioni.,,
ANTINCENDIO,Idranti / Naspi,0,via Monte Palombino 4,Semestrale,6,UNI 10779,Prova di portata e pressione.,,
ANTINCENDIO,Rilevazione Fumi,109 m2,via Monte Palombino 4,Semestrale,6,UNI 11224,Test dei rilevatori.,,
ANTINCENDIO,Illum. Emergenza,109 m2,via Monte Palombino 4,Semestrale,6,UNI EN 1838,Test di autonomia.,,
ANTINCENDIO,Centrale Pressurizzazione,0,via Monte Palombino 4,Settimanale / Mensile,,UNI EN 12845,Avviamento pompe,,
ELETTRICI,Quadri e Distribuzione,109 m2,via Monte Palombino 4,Annuale,12,CEI 64-8,Pulizia carpenteria.,,
ELETTRICI,Locali Uso Medico (G1/G2),3,via Monte Palombino 4,Annuale/Semestrale,,CEI 64-8/7-710,Prova differenziali.,,
ELETTRICI,Impianto Terra / Scariche,109 m2,via Monte Palombino 4,Biennale,24,DPR 462/01,Misura resistenza terra.,,
ELETTRICI,Rifasatori,0,via Monte Palombino 4,Semestrale,6,Norme CEI,Misura del Cos,,
ELEVATORI,Elevatori (1-5 piani),0,via Monte Palombino 4,Mensile / Semestrale,,DPR 162/99,Verifica sicurezze.,,
ELEVATORI,Elevatori (6-10 piani),0,via Monte Palombino 4,Mensile / Semestrale,,DPR 162/99,Lubrificazione organi.,,
ELEVATORI,Servoscala,0,via Monte Palombino 4,Semestrale,6,DPR 162/99,Verifica dispositivi.,,
MECCANICI,Caldaie (36-350 kW),0,via Monte Palombino 4,Mensile/Trimestrale,,DPR 74/13,Analisi combustione.,,
MECCANICI,Caldaie (>350 kW),0,via Monte Palombino 4,Settimanale,6,DPR 74/13,Controllo pressione.,,
MECCANICI,Gruppi Frigo / Chiller,0,via Monte Palombino 4,Mensile / Trimestrale,,Reg. (UE) 517,Ricerca perdite.,,
MECCANICI,UTA (Trattamento Aria),0,via Monte Palombino 4,Trimestrale,3,Linee Guida,Sostituzione filtri.,,
MECCANICI,Addolcitori,0,via Monte Palombino 4,Settimanale/Mensile,,DM 25/12,Verifica durezza.,,
MECCANICI,Produttori Biossido Cloro,0,via Monte Palombino 4,Settimanale,,Linee Guida,Dosaggio continuo.,,
MECCANICI,Pompe Sollevamento,0,via Monte Palombino 4,Mensile,1,D.Lgs 81/08,Verifica galleggianti.,,
MECCANICI,Distribuzione impianti idronici e sottocentrali,109 m2,via Monte Palombino 4,Annuale,12,Norme Tecniche,Manutenzione,,
MECCANICI,Ventilconvettori,0,via Monte Palombino 4,Annuale,12,Linee Guida,Pulizia filtri,,
MECCANICI,Condizionatori tipo split/VRV/carrellabili,0,via Monte Palombino 4,Annuale,12,Linee Guida,Sanificazione,,
MECCANICI,"Canali di distribuzione, ripresa, serrande",0,via Monte Palombino 4,Annuale,12,Linee Guida,Pulizia condotte,,
MECCANICI,Distribuzione idrico sanitaria,109 m2,via Monte Palombino 4,Annuale,12,D.Lgs 31/01,Verifiche perdite,,
MECCANICI,Centrali idriche (Vasche),0,via Monte Palombino 4,Mensile,1,D.Lgs 31/01,Controllo vasche,,
MECCANICI,Prove della legionella della rete idrico-sanitaria,2,via Monte Palombino 4,Annuale,12,Linee Guida,Prelievi,,
EDILE,Cancelli e sbarre motorizzati,0,via Monte Palombino 4,Semestrale,6,D.Lgs 81/08,Sicurezze,,
EDILE,Porte automatiche e portoni sezionali,0,via Monte Palombino 4,Semestrale,6,D.Lgs 81/08,Sicurezze,,
ANTINCENDIO,Estintori,7,via Quarenghi 21,Semestrale,6,"UNI 9994-1, DPR 151/11","Verificare pressione, carica e integritÃ .",,
ANTINCENDIO,Porte Tagliafuoco / REI,8,via Quarenghi 21,Semestrale,6,DM 10/03/98,Verifica integritÃ  guarnizioni.,,
ANTINCENDIO,Idranti / Naspi,0,via Quarenghi 21,Semestrale,6,UNI 10779,Prova di portata e pressione.,,
ANTINCENDIO,Rilevazione Fumi,641 m2,via Quarenghi 21,Semestrale,6,UNI 11224,Test dei rilevatori.,,
ANTINCENDIO,Illum. Emergenza,641 m2,via Quarenghi 21,Semestrale,6,UNI EN 1838,Test di autonomia.,,
ANTINCENDIO,Centrale Pressurizzazione,0,via Quarenghi 21,Settimanale / Mensile,,UNI EN 12845,Avviamento pompe,,
ELETTRICI,Quadri e Distribuzione,641 m2,via Quarenghi 21,Annuale,12,CEI 64-8,Pulizia carpenteria.,,
ELETTRICI,Locali Uso Medico (G1/G2),4,via Quarenghi 21,Annuale/Semestrale,,CEI 64-8/7-710,Prova differenziali.,,
ELETTRICI,Impianto Terra / Scariche,641 m2,via Quarenghi 21,Biennale,24,DPR 462/01,Misura resistenza terra.,,
ELETTRICI,Rifasatori,0,via Quarenghi 21,Semestrale,6,Norme CEI,Misura del Cos,,
ELEVATORI,Elevatori (1-5 piani),0,via Quarenghi 21,Mensile / Semestrale,,DPR 162/99,Verifica sicurezze.,,
ELEVATORI,Elevatori (6-10 piani),0,via Quarenghi 21,Mensile / Semestrale,,DPR 162/99,Lubrificazione organi.,,
ELEVATORI,Servoscala,0,via Quarenghi 21,Semestrale,6,DPR 162/99,Verifica dispositivi.,,
MECCANICI,Caldaie (36-350 kW),0,via Quarenghi 21,Mensile/Trimestrale,,DPR 74/13,Analisi combustione.,,
MECCANICI,Caldaie (>350 kW),0,via Quarenghi 21,Settimanale,6,DPR 74/13,Controllo pressione.,,
MECCANICI,Gruppi Frigo / Chiller,0,via Quarenghi 21,Mensile / Trimestrale,,Reg. (UE) 517,Ricerca perdite.,,
MECCANICI,UTA (Trattamento Aria),0,via Quarenghi 21,Trimestrale,3,Linee Guida,Sostituzione filtri.,,
MECCANICI,Addolcitori,0,via Quarenghi 21,Settimanale/Mensile,,DM 25/12,Verifica durezza.,,
MECCANICI,Produttori Biossido Cloro,0,via Quarenghi 21,Settimanale,,Linee Guida,Dosaggio continuo.,,
MECCANICI,Pompe Sollevamento,0,via Quarenghi 21,Mensile,1,D.Lgs 81/08,Verifica galleggianti.,,
MECCANICI,Distribuzione impianti idronici e sottocentrali,641 m2,via Quarenghi 21,Annuale,12,Norme Tecniche,Manutenzione,,
MECCANICI,Ventilconvettori,0,via Quarenghi 21,Annuale,12,Linee Guida,Pulizia filtri,,
MECCANICI,Condizionatori tipo split/VRV/carrellabili,0,via Quarenghi 21,Annuale,12,Linee Guida,Sanificazione,,
MECCANICI,"Canali di distribuzione, ripresa, serrande",0,via Quarenghi 21,Annuale,12,Linee Guida,Pulizia condotte,,
MECCANICI,Distribuzione idrico sanitaria,641 m2,via Quarenghi 21,Annuale,12,D.Lgs 31/01,Verifiche perdite,,
MECCANICI,Centrali idriche (Vasche),0,via Quarenghi 21,Mensile,1,D.Lgs 31/01,Controllo vasche,,
MECCANICI,Prove della legionella della rete idrico-sanitaria,2,via Quarenghi 21,Annuale,12,Linee Guida,Prelievi,,
EDILE,Cancelli e sbarre motorizzati,0,via Quarenghi 21,Semestrale,6,D.Lgs 81/08,Sicurezze,,
EDILE,Porte automatiche e portoni sezionali,0,via Quarenghi 21,Semestrale,6,D.Lgs 81/08,Sicurezze,,
ANTINCENDIO,Estintori,0,via Aldini 72,Semestrale,6,"UNI 9994-1, DPR 151/11","Verificare pressione, carica e integritÃ .",,
ANTINCENDIO,Porte Tagliafuoco / REI,0,via Aldini 72,Semestrale,6,DM 10/03/98,Verifica integritÃ  guarnizioni.,,
ANTINCENDIO,Idranti / Naspi,0,via Aldini 72,Semestrale,6,UNI 10779,Prova di portata e pressione.,,
ANTINCENDIO,Rilevazione Fumi,5508 m2,via Aldini 72,Semestrale,6,UNI 11224,Test dei rilevatori.,,
ANTINCENDIO,Illum. Emergenza,5508 m2,via Aldini 72,Semestrale,6,UNI EN 1838,Test di autonomia.,,
ANTINCENDIO,Centrale Pressurizzazione,0,via Aldini 72,Settimanale / Mensile,,UNI EN 12845,Avviamento pompe,,
ELETTRICI,Quadri e Distribuzione,5508 m2,via Aldini 72,Annuale,12,CEI 64-8,Pulizia carpenteria.,,
ELETTRICI,Locali Uso Medico (G1/G2),0,via Aldini 72,Annuale/Semestrale,,CEI 64-8/7-710,Prova differenziali.,,
ELETTRICI,Impianto Terra / Scariche,5508 m2,via Aldini 72,Biennale,24,DPR 462/01,Misura resistenza terra.,,
ELETTRICI,Rifasatori,0,via Aldini 72,Semestrale,6,Norme CEI,Misura del Cos,,
ELEVATORI,Elevatori (1-5 piani),0,via Aldini 72,Mensile / Semestrale,,DPR 162/99,Verifica sicurezze.,,
ELEVATORI,Elevatori (6-10 piani),0,via Aldini 72,Mensile / Semestrale,,DPR 162/99,Lubrificazione organi.,,
ELEVATORI,Servoscala,0,via Aldini 72,Semestrale,6,DPR 162/99,Verifica dispositivi.,,
MECCANICI,Caldaie (36-350 kW),0,via Aldini 72,Mensile/Trimestrale,,DPR 74/13,Analisi combustione.,,
MECCANICI,Caldaie (>350 kW),0,via Aldini 72,Settimanale,6,DPR 74/13,Controllo pressione.,,
MECCANICI,Gruppi Frigo / Chiller,0,via Aldini 72,Mensile / Trimestrale,,Reg. (UE) 517,Ricerca perdite.,,
MECCANICI,UTA (Trattamento Aria),0,via Aldini 72,Trimestrale,3,Linee Guida,Sostituzione filtri.,,
MECCANICI,Addolcitori,0,via Aldini 72,Settimanale/Mensile,,DM 25/12,Verifica durezza.,,
MECCANICI,Produttori Biossido Cloro,0,via Aldini 72,Settimanale,,Linee Guida,Dosaggio continuo.,,
MECCANICI,Pompe Sollevamento,0,via Aldini 72,Mensile,1,D.Lgs 81/08,Verifica galleggianti.,,
MECCANICI,Distribuzione impianti idronici e sottocentrali,5508 m2,via Aldini 72,Annuale,12,Norme Tecniche,Manutenzione,,
MECCANICI,Ventilconvettori,0,via Aldini 72,Annuale,12,Linee Guida,Pulizia filtri,,
MECCANICI,Condizionatori tipo split/VRV/carrellabili,0,via Aldini 72,Annuale,12,Linee Guida,Sanificazione,,
MECCANICI,"Canali di distribuzione, ripresa, serrande",0,via Aldini 72,Annuale,12,Linee Guida,Pulizia condotte,,
MECCANICI,Distribuzione idrico sanitaria,5508 m2,via Aldini 72,Annuale,12,D.Lgs 31/01,Verifiche perdite,,
MECCANICI,Centrali idriche (Vasche),0,via Aldini 72,Mensile,1,D.Lgs 31/01,Controllo vasche,,
MECCANICI,Prove della legionella della rete idrico-sanitaria,2,via Aldini 72,Annuale,12,Linee Guida,Prelievi,,
EDILE,Cancelli e sbarre motorizzati,0,via Aldini 72,Semestrale,6,D.Lgs 81/08,Sicurezze,,
EDILE,Porte automatiche e portoni sezionali,0,via Aldini 72,Semestrale,6,D.Lgs 81/08,Sicurezze,,
ANTINCENDIO,Estintori,4,via Perini 22,Semestrale,6,"UNI 9994-1, DPR 151/11","Verificare pressione, carica e integritÃ .",,
ANTINCENDIO,Porte Tagliafuoco / REI,0,via Perini 22,Semestrale,6,DM 10/03/98,Verifica integritÃ  guarnizioni.,,
ANTINCENDIO,Idranti / Naspi,0,via Perini 22,Semestrale,6,UNI 10779,Prova di portata e pressione.,,
ANTINCENDIO,Rilevazione Fumi,184 m2,via Perini 22,Semestrale,6,UNI 11224,Test dei rilevatori.,,
ANTINCENDIO,Illum. Emergenza,184 m2,via Perini 22,Semestrale,6,UNI EN 1838,Test di autonomia.,,
ANTINCENDIO,Centrale Pressurizzazione,0,via Perini 22,Settimanale / Mensile,,UNI EN 12845,Avviamento pompe,,
ELETTRICI,Quadri e Distribuzione,184 m2,via Perini 22,Annuale,12,CEI 64-8,Pulizia carpenteria.,,
ELETTRICI,Locali Uso Medico (G1/G2),0,via Perini 22,Annuale/Semestrale,,CEI 64-8/7-710,Prova differenziali.,,
ELETTRICI,Impianto Terra / Scariche,184 m2,via Perini 22,Biennale,24,DPR 462/01,Misura resistenza terra.,,
ELETTRICI,Rifasatori,0,via Perini 22,Semestrale,6,Norme CEI,Misura del Cos,,
ELEVATORI,Elevatori (1-5 piani),0,via Perini 22,Mensile / Semestrale,,DPR 162/99,Verifica sicurezze.,,
ELEVATORI,Elevatori (6-10 piani),0,via Perini 22,Mensile / Semestrale,,DPR 162/99,Lubrificazione organi.,,
ELEVATORI,Servoscala,0,via Perini 22,Semestrale,6,DPR 162/99,Verifica dispositivi.,,
MECCANICI,Caldaie (36-350 kW),0,via Perini 22,Mensile/Trimestrale,,DPR 74/13,Analisi combustione.,,
MECCANICI,Caldaie (>350 kW),0,via Perini 22,Settimanale,6,DPR 74/13,Controllo pressione.,,
MECCANICI,Gruppi Frigo / Chiller,0,via Perini 22,Mensile / Trimestrale,,Reg. (UE) 517,Ricerca perdite.,,
MECCANICI,UTA (Trattamento Aria),0,via Perini 22,Trimestrale,3,Linee Guida,Sostituzione filtri.,,
MECCANICI,Addolcitori,0,via Perini 22,Settimanale/Mensile,,DM 25/12,Verifica durezza.,,
MECCANICI,Produttori Biossido Cloro,0,via Perini 22,Settimanale,,Linee Guida,Dosaggio continuo.,,
MECCANICI,Pompe Sollevamento,0,via Perini 22,Mensile,1,D.Lgs 81/08,Verifica galleggianti.,,
MECCANICI,Distribuzione impianti idronici e sottocentrali,184 m2,via Perini 22,Annuale,12,Norme Tecniche,Manutenzione,,
MECCANICI,Ventilconvettori,0,via Perini 22,Annuale,12,Linee Guida,Pulizia filtri,,
MECCANICI,Condizionatori tipo split/VRV/carrellabili,0,via Perini 22,Annuale,12,Linee Guida,Sanificazione,,
MECCANICI,"Canali di distribuzione, ripresa, serrande",0,via Perini 22,Annuale,12,Linee Guida,Pulizia condotte,,
MECCANICI,Distribuzione idrico sanitaria,184 m2,via Perini 22,Annuale,12,D.Lgs 31/01,Verifiche perdite,,
MECCANICI,Centrali idriche (Vasche),0,via Perini 22,Mensile,1,D.Lgs 31/01,Controllo vasche,,
MECCANICI,Prove della legionella della rete idrico-sanitaria,2,via Perini 22,Annuale,12,Linee Guida,Prelievi,,
EDILE,Cancelli e sbarre motorizzati,0,via Perini 22,Semestrale,6,D.Lgs 81/08,Sicurezze,,
EDILE,Porte automatiche e portoni sezionali,0,via Perini 22,Semestrale,6,D.Lgs 81/08,Sicurezze,,
ANTINCENDIO,Estintori,0,via Cilea 146A,Semestrale,6,"UNI 9994-1, DPR 151/11","Verificare pressione, carica e integritÃ .",,
ANTINCENDIO,Porte Tagliafuoco / REI,6,via Cilea 146A,Semestrale,6,DM 10/03/98,Verifica integritÃ  guarnizioni.,,
ANTINCENDIO,Idranti / Naspi,0,via Cilea 146A,Semestrale,6,UNI 10779,Prova di portata e pressione.,,
ANTINCENDIO,Rilevazione Fumi,405 m2,via Cilea 146A,Semestrale,6,UNI 11224,Test dei rilevatori.,,
ANTINCENDIO,Illum. Emergenza,405 m2,via Cilea 146A,Semestrale,6,UNI EN 1838,Test di autonomia.,,
ANTINCENDIO,Centrale Pressurizzazione,0,via Cilea 146A,Settimanale / Mensile,,UNI EN 12845,Avviamento pompe,,
ELETTRICI,Quadri e Distribuzione,405 m2,via Cilea 146A,Annuale,12,CEI 64-8,Pulizia carpenteria.,,
ELETTRICI,Locali Uso Medico (G1/G2),0,via Cilea 146A,Annuale/Semestrale,,CEI 64-8/7-710,Prova differenziali.,,
ELETTRICI,Impianto Terra / Scariche,405 m2,via Cilea 146A,Biennale,24,DPR 462/01,Misura resistenza terra.,,
ELETTRICI,Rifasatori,0,via Cilea 146A,Semestrale,6,Norme CEI,Misura del Cos,,
ELEVATORI,Elevatori (1-5 piani),1,via Cilea 146A,Mensile / Semestrale,,DPR 162/99,Verifica sicurezze.,,
ELEVATORI,Elevatori (6-10 piani),0,via Cilea 146A,Mensile / Semestrale,,DPR 162/99,Lubrificazione organi.,,
ELEVATORI,Servoscala,0,via Cilea 146A,Semestrale,6,DPR 162/99,Verifica dispositivi.,,
MECCANICI,Caldaie (36-350 kW),0,via Cilea 146A,Mensile/Trimestrale,,DPR 74/13,Analisi combustione.,,
MECCANICI,Caldaie (>350 kW),0,via Cilea 146A,Settimanale,6,DPR 74/13,Controllo pressione.,,
MECCANICI,Gruppi Frigo / Chiller,0,via Cilea 146A,Mensile / Trimestrale,,Reg. (UE) 517,Ricerca perdite.,,
MECCANICI,UTA (Trattamento Aria),0,via Cilea 146A,Trimestrale,3,Linee Guida,Sostituzione filtri.,,
MECCANICI,Addolcitori,0,via Cilea 146A,Settimanale/Mensile,,DM 25/12,Verifica durezza.,,
MECCANICI,Produttori Biossido Cloro,0,via Cilea 146A,Settimanale,,Linee Guida,Dosaggio continuo.,,
MECCANICI,Pompe Sollevamento,0,via Cilea 146A,Mensile,1,D.Lgs 81/08,Verifica galleggianti.,,
MECCANICI,Distribuzione impianti idronici e sottocentrali,405 m2,via Cilea 146A,Annuale,12,Norme Tecniche,Manutenzione,,
MECCANICI,Ventilconvettori,0,via Cilea 146A,Annuale,12,Linee Guida,Pulizia filtri,,
MECCANICI,Condizionatori tipo split/VRV/carrellabili,0,via Cilea 146A,Annuale,12,Linee Guida,Sanificazione,,
MECCANICI,"Canali di distribuzione, ripresa, serrande",0,via Cilea 146A,Annuale,12,Linee Guida,Pulizia condotte,,
MECCANICI,Distribuzione idrico sanitaria,405 m2,via Cilea 146A,Annuale,12,D.Lgs 31/01,Verifiche perdite,,
MECCANICI,Centrali idriche (Vasche),0,via Cilea 146A,Mensile,1,D.Lgs 31/01,Controllo vasche,,
MECCANICI,Prove della legionella della rete idrico-sanitaria,2,via Cilea 146A,Annuale,12,Linee Guida,Prelievi,,
EDILE,Cancelli e sbarre motorizzati,0,via Cilea 146A,Semestrale,6,D.Lgs 81/08,Sicurezze,,
EDILE,Porte automatiche e portoni sezionali,0,via Cilea 146A,Semestrale,6,D.Lgs 81/08,Sicurezze,,
ANTINCENDIO,Estintori,0,via R. Sanzio 9,Semestrale,6,"UNI 9994-1, DPR 151/11","Verificare pressione, carica e integritÃ .",,
ANTINCENDIO,Porte Tagliafuoco / REI,1,via R. Sanzio 9,Semestrale,6,DM 10/03/98,Verifica integritÃ  guarnizioni.,,
ANTINCENDIO,Idranti / Naspi,1,via R. Sanzio 9,Semestrale,6,UNI 10779,Prova di portata e pressione.,,
ANTINCENDIO,Rilevazione Fumi,303 m2,via R. Sanzio 9,Semestrale,6,UNI 11224,Test dei rilevatori.,,
ANTINCENDIO,Illum. Emergenza,303 m2,via R. Sanzio 9,Semestrale,6,UNI EN 1838,Test di autonomia.,,
ANTINCENDIO,Centrale Pressurizzazione,0,via R. Sanzio 9,Settimanale / Mensile,,UNI EN 12845,Avviamento pompe,,
ELETTRICI,Quadri e Distribuzione,303 m2,via R. Sanzio 9,Annuale,12,CEI 64-8,Pulizia carpenteria.,,
ELETTRICI,Locali Uso Medico (G1/G2),0,via R. Sanzio 9,Annuale/Semestrale,,CEI 64-8/7-710,Prova differenziali.,,
ELETTRICI,Impianto Terra / Scariche,303 m2,via R. Sanzio 9,Biennale,24,DPR 462/01,Misura resistenza terra.,,
ELETTRICI,Rifasatori,0,via R. Sanzio 9,Semestrale,6,Norme CEI,Misura del Cos,,
ELEVATORI,Elevatori (1-5 piani),0,via R. Sanzio 9,Mensile / Semestrale,,DPR 162/99,Verifica sicurezze.,,
ELEVATORI,Elevatori (6-10 piani),0,via R. Sanzio 9,Mensile / Semestrale,,DPR 162/99,Lubrificazione organi.,,
ELEVATORI,Servoscala,0,via R. Sanzio 9,Semestrale,6,DPR 162/99,Verifica dispositivi.,,
MECCANICI,Caldaie (36-350 kW),0,via R. Sanzio 9,Mensile/Trimestrale,,DPR 74/13,Analisi combustione.,,
MECCANICI,Caldaie (>350 kW),0,via R. Sanzio 9,Settimanale,6,DPR 74/13,Controllo pressione.,,
MECCANICI,Gruppi Frigo / Chiller,0,via R. Sanzio 9,Mensile / Trimestrale,,Reg. (UE) 517,Ricerca perdite.,,
MECCANICI,UTA (Trattamento Aria),0,via R. Sanzio 9,Trimestrale,3,Linee Guida,Sostituzione filtri.,,
MECCANICI,Addolcitori,0,via R. Sanzio 9,Settimanale/Mensile,,DM 25/12,Verifica durezza.,,
MECCANICI,Produttori Biossido Cloro,0,via R. Sanzio 9,Settimanale,,Linee Guida,Dosaggio continuo.,,
MECCANICI,Pompe Sollevamento,0,via R. Sanzio 9,Mensile,1,D.Lgs 81/08,Verifica galleggianti.,,
MECCANICI,Distribuzione impianti idronici e sottocentrali,303 m2,via R. Sanzio 9,Annuale,12,Norme Tecniche,Manutenzione,,
MECCANICI,Ventilconvettori,0,via R. Sanzio 9,Annuale,12,Linee Guida,Pulizia filtri,,
MECCANICI,Condizionatori tipo split/VRV/carrellabili,0,via R. Sanzio 9,Annuale,12,Linee Guida,Sanificazione,,
MECCANICI,"Canali di distribuzione, ripresa, serrande",0,via R. Sanzio 9,Annuale,12,Linee Guida,Pulizia condotte,,
MECCANICI,Distribuzione idrico sanitaria,303 m2,via R. Sanzio 9,Annuale,12,D.Lgs 31/01,Verifiche perdite,,
MECCANICI,Centrali idriche (Vasche),0,via R. Sanzio 9,Mensile,1,D.Lgs 31/01,Controllo vasche,,
MECCANICI,Prove della legionella della rete idrico-sanitaria,2,via R. Sanzio 9,Annuale,12,Linee Guida,Prelievi,,
EDILE,Cancelli e sbarre motorizzati,0,via R. Sanzio 9,Semestrale,6,D.Lgs 81/08,Sicurezze,,
EDILE,Porte automatiche e portoni sezionali,0,via R. Sanzio 9,Semestrale,6,D.Lgs 81/08,Sicurezze,,
